o OceanSurface
v -30.000000 0.029474 -35.000000
v -28.125000 -0.010938 -35.000000
v -26.250000 -0.043303 -35.000000
v -24.375000 -0.041641 -35.000000
v -22.500000 -0.011710 -35.000000
v -20.625000 0.015295 -35.000000
v -18.750000 0.013422 -35.000000
v -16.875000 -0.012844 -35.000000
v -15.000000 -0.033396 -35.000000
v -13.125000 -0.022546 -35.000000
v -11.250000 0.015036 -35.000000
v -9.375000 0.047876 -35.000000
v -7.500000 0.047455 -35.000000
v -5.625000 0.015369 -35.000000
v -3.750000 -0.018422 -35.000000
v -1.875000 -0.024520 -35.000000
v 0.000000 -0.002100 -35.000000
v 1.875000 0.021146 -35.000000
v 3.750000 0.016926 -35.000000
v 5.625000 -0.015182 -35.000000
v 7.500000 -0.046564 -35.000000
v 9.375000 -0.046955 -35.000000
v 11.250000 -0.013832 -35.000000
v 13.125000 0.024774 -35.000000
v 15.000000 0.036836 -35.000000
v 16.875000 0.016553 -35.000000
v 18.750000 -0.011004 -35.000000
v 20.625000 -0.015170 -35.000000
v 22.500000 0.009843 -35.000000
v 24.375000 0.039026 -35.000000
v 26.250000 0.041010 -35.000000
v 28.125000 0.009072 -35.000000
v 30.000000 -0.031520 -35.000000
v -30.000000 0.031996 -33.055556
v -28.125000 -0.000958 -33.055556
v -26.250000 -0.018495 -33.055556
v -24.375000 -0.004778 -33.055556
v -22.500000 0.023408 -33.055556
v -20.625000 0.033562 -33.055556
v -18.750000 0.009922 -33.055556
v -16.875000 -0.030213 -33.055556
v -15.000000 -0.052355 -33.055556
v -13.125000 -0.037604 -33.055556
v -11.250000 -0.000585 -33.055556
v -9.375000 0.024819 -33.055556
v -7.500000 0.018066 -33.055556
v -5.625000 -0.008769 -33.055556
v -3.750000 -0.023658 -33.055556
v -1.875000 -0.006766 -33.055556
v 0.000000 0.029366 -33.055556
v 1.875000 0.051358 -33.055556
v 3.750000 0.037167 -33.055556
v 5.625000 -0.002374 -33.055556
v 7.500000 -0.033589 -33.055556
v 9.375000 -0.031907 -33.055556
v 11.250000 -0.004791 -33.055556
v 13.125000 0.016502 -33.055556
v 15.000000 0.008136 -33.055556
v 16.875000 -0.022599 -33.055556
v 18.750000 -0.044233 -33.055556
v 20.625000 -0.031987 -33.055556
v 22.500000 0.007503 -33.055556
v 24.375000 0.041753 -33.055556
v 26.250000 0.043031 -33.055556
v 28.125000 0.014389 -33.055556
v 30.000000 -0.014023 -33.055556
v -30.000000 -0.006229 -31.111111
v -28.125000 -0.031095 -31.111111
v -26.250000 -0.028295 -31.111111
v -24.375000 0.005379 -31.111111
v -22.500000 0.042546 -31.111111
v -20.625000 0.050965 -31.111111
v -18.750000 0.024234 -31.111111
v -16.875000 -0.012283 -31.111111
v -15.000000 -0.026018 -31.111111
v -13.125000 -0.008375 -31.111111
v -11.250000 0.017706 -31.111111
v -9.375000 0.021031 -31.111111
v -7.500000 -0.006536 -31.111111
v -5.625000 -0.041336 -31.111111
v -3.750000 -0.050397 -31.111111
v -1.875000 -0.023351 -31.111111
v 0.000000 0.017218 -31.111111
v 1.875000 0.037119 -31.111111
v 3.750000 0.022916 -31.111111
v 5.625000 -0.005993 -31.111111
v 7.500000 -0.017181 -31.111111
v 9.375000 0.002550 -31.111111
v 11.250000 0.033946 -31.111111
v 13.125000 0.044035 -31.111111
v 15.000000 0.018603 -31.111111
v 16.875000 -0.023245 -31.111111
v 18.750000 -0.046720 -31.111111
v 20.625000 -0.034192 -31.111111
v 22.500000 -0.001460 -31.111111
v 24.375000 0.018216 -31.111111
v 26.250000 0.006702 -31.111111
v 28.125000 -0.021543 -31.111111
v 30.000000 -0.034076 -31.111111
v -30.000000 -0.021277 -29.166667
v -28.125000 -0.050313 -29.166667
v -26.250000 -0.043988 -29.166667
v -24.375000 -0.009348 -29.166667
v -22.500000 0.021449 -29.166667
v -20.625000 0.022153 -29.166667
v -18.750000 -0.002671 -29.166667
v -16.875000 -0.022965 -29.166667
v -15.000000 -0.013399 -29.166667
v -13.125000 0.021054 -29.166667
v -11.250000 0.049231 -29.166667
v -9.375000 0.043688 -29.166667
v -7.500000 0.007401 -29.166667
v -5.625000 -0.028726 -29.166667
v -3.750000 -0.035179 -29.166667
v -1.875000 -0.011594 -29.166667
v 0.000000 0.013882 -29.166667
v 1.875000 0.012837 -29.166667
v 3.750000 -0.015166 -29.166667
v 5.625000 -0.041917 -29.166667
v 7.500000 -0.038161 -29.166667
v 9.375000 -0.002590 -29.166667
v 11.250000 0.036053 -29.166667
v 13.125000 0.045943 -29.166667
v 15.000000 0.022161 -29.166667
v 16.875000 -0.009314 -29.166667
v 18.750000 -0.017345 -29.166667
v 20.625000 0.003991 -29.166667
v 22.500000 0.029961 -29.166667
v 24.375000 0.029898 -29.166667
v 26.250000 -0.002071 -29.166667
v 28.125000 -0.040313 -29.166667
v 30.000000 -0.051705 -29.166667
v -30.000000 -0.004869 -27.222222
v -28.125000 -0.025744 -27.222222
v -26.250000 -0.014172 -27.222222
v -24.375000 0.012982 -27.222222
v -22.500000 0.023398 -27.222222
v -20.625000 0.001722 -27.222222
v -18.750000 -0.034622 -27.222222
v -16.875000 -0.051766 -27.222222
v -15.000000 -0.032088 -27.222222
v -13.125000 0.008495 -27.222222
v -11.250000 0.035461 -27.222222
v -9.375000 0.028432 -27.222222
v -7.500000 0.000005 -27.222222
v -5.625000 -0.017460 -27.222222
v -3.750000 -0.004104 -27.222222
v -1.875000 0.027636 -27.222222
v 0.000000 0.045030 -27.222222
v 1.875000 0.027199 -27.222222
v 3.750000 -0.013919 -27.222222
v 5.625000 -0.044268 -27.222222
v 7.500000 -0.039802 -27.222222
v 9.375000 -0.008950 -27.222222
v 11.250000 0.016264 -27.222222
v 13.125000 0.011707 -27.222222
v 15.000000 -0.015463 -27.222222
v 16.875000 -0.034211 -27.222222
v 18.750000 -0.020584 -27.222222
v 20.625000 0.018037 -27.222222
v 22.500000 0.049130 -27.222222
v 24.375000 0.045812 -27.222222
v 26.250000 0.012425 -27.222222
v 28.125000 -0.019877 -27.222222
v 30.000000 -0.023206 -27.222222
v -30.000000 -0.020588 -25.277778
v -28.125000 -0.018638 -25.277778
v -26.250000 0.012363 -25.277778
v -24.375000 0.045164 -25.277778
v -22.500000 0.048442 -25.277778
v -20.625000 0.017172 -25.277778
v -18.750000 -0.022182 -25.277778
v -16.875000 -0.036738 -25.277778
v -15.000000 -0.018273 -25.277778
v -13.125000 0.009778 -25.277778
v -11.250000 0.016031 -25.277778
v -9.375000 -0.007640 -25.277778
v -7.500000 -0.037852 -25.277778
v -5.625000 -0.042520 -25.277778
v -3.750000 -0.012509 -25.277778
v -1.875000 0.028710 -25.277778
v 0.000000 0.046925 -25.277778
v 1.875000 0.029473 -25.277778
v 3.750000 -0.003297 -25.277778
v 5.625000 -0.018376 -25.277778
v 7.500000 -0.002391 -25.277778
v 9.375000 0.025609 -25.277778
v 11.250000 0.033264 -25.277778
v 13.125000 0.007235 -25.277778
v 15.000000 -0.032835 -25.277778
v 16.875000 -0.052473 -25.277778
v 18.750000 -0.035148 -25.277778
v 20.625000 0.002086 -25.277778
v 22.500000 0.025206 -25.277778
v 24.375000 0.015943 -25.277778
v 26.250000 -0.011159 -25.277778
v 28.125000 -0.023816 -25.277778
v 30.000000 -0.004394 -25.277778
v -30.000000 -0.051022 -23.333333
v -28.125000 -0.039620 -23.333333
v -26.250000 -0.000993 -23.333333
v -24.375000 0.031873 -23.333333
v -22.500000 0.032722 -23.333333
v -20.625000 0.006607 -23.333333
v -18.750000 -0.016011 -23.333333
v -16.875000 -0.009738 -23.333333
v -15.000000 0.020490 -23.333333
v -13.125000 0.044011 -23.333333
v -11.250000 0.034466 -23.333333
v -9.375000 -0.003978 -23.333333
v -7.500000 -0.039825 -23.333333
v -5.625000 -0.043893 -23.333333
v -3.750000 -0.016737 -23.333333
v -1.875000 0.012644 -23.333333
v 0.000000 0.015445 -23.333333
v 1.875000 -0.008894 -23.333333
v 3.750000 -0.032506 -23.333333
v 5.625000 -0.026901 -23.333333
v 7.500000 0.008397 -23.333333
v 9.375000 0.044398 -23.333333
v 11.250000 0.049937 -23.333333
v 13.125000 0.021343 -23.333333
v 15.000000 -0.014282 -23.333333
v 16.875000 -0.025302 -23.333333
v 18.750000 -0.005806 -23.333333
v 20.625000 0.019449 -23.333333
v 22.500000 0.020085 -23.333333
v 24.375000 -0.009376 -23.333333
v 26.250000 -0.043370 -23.333333
v 28.125000 -0.049635 -23.333333
v 30.000000 -0.020452 -23.333333
v -30.000000 -0.036417 -21.388889
v -28.125000 -0.024394 -21.388889
v -26.250000 0.004457 -21.388889
v -24.375000 0.017549 -21.388889
v -22.500000 -0.000461 -21.388889
v -20.625000 -0.032317 -21.388889
v -18.750000 -0.044898 -21.388889
v -16.875000 -0.021789 -21.388889
v -15.000000 0.020052 -21.388889
v -13.125000 0.045865 -21.388889
v -11.250000 0.035892 -21.388889
v -9.375000 0.003701 -21.388889
v -7.500000 -0.017665 -21.388889
v -5.625000 -0.008107 -21.388889
v -3.750000 0.020093 -21.388889
v -1.875000 0.034719 -21.388889
v 0.000000 0.015755 -21.388889
v 1.875000 -0.024178 -21.388889
v 3.750000 -0.051119 -21.388889
v 5.625000 -0.041976 -21.388889
v 7.500000 -0.006465 -21.388889
v 9.375000 0.022483 -21.388889
v 11.250000 0.020473 -21.388889
v 13.125000 -0.005257 -21.388889
v 15.000000 -0.023762 -21.388889
v 16.875000 -0.011478 -21.388889
v 18.750000 0.023929 -21.388889
v 20.625000 0.050298 -21.388889
v 22.500000 0.041870 -21.388889
v 24.375000 0.004359 -21.388889
v 26.250000 -0.030190 -21.388889
v 28.125000 -0.033822 -21.388889
v 30.000000 -0.008908 -21.388889
v -30.000000 -0.014035 -19.444444
v -28.125000 0.012942 -19.444444
v -26.250000 0.041097 -19.444444
v -24.375000 0.040085 -19.444444
v -22.500000 0.006114 -19.444444
v -20.625000 -0.033566 -19.444444
v -18.750000 -0.046192 -19.444444
v -16.875000 -0.024374 -19.444444
v -15.000000 0.007539 -19.444444
v -13.125000 0.017663 -19.444444
v -11.250000 -0.002270 -19.444444
v -9.375000 -0.029137 -19.444444
v -7.500000 -0.031538 -19.444444
v -5.625000 -0.001218 -19.444444
v -3.750000 0.037914 -19.444444
v -1.875000 0.052099 -19.444444
v 0.000000 0.029839 -19.444444
v 1.875000 -0.007308 -19.444444
v 3.750000 -0.025675 -19.444444
v 5.625000 -0.011818 -19.444444
v 7.500000 0.015151 -19.444444
v 9.375000 0.023099 -19.444444
v 11.250000 -0.000892 -19.444444
v 13.125000 -0.037088 -19.444444
v 15.000000 -0.051694 -19.444444
v 16.875000 -0.029481 -19.444444
v 18.750000 0.011229 -19.444444
v 20.625000 0.035832 -19.444444
v 22.500000 0.026260 -19.444444
v 24.375000 -0.002434 -19.444444
v 26.250000 -0.017677 -19.444444
v 28.125000 -0.001835 -19.444444
v 30.000000 0.030163 -19.444444
v -30.000000 -0.030002 -17.500000
v -28.125000 0.010478 -17.500000
v -26.250000 0.042757 -17.500000
v -24.375000 0.041029 -17.500000
v -22.500000 0.011289 -17.500000
v -20.625000 -0.015220 -17.500000
v -18.750000 -0.012781 -17.500000
v -16.875000 0.013797 -17.500000
v -15.000000 0.034266 -17.500000
v -13.125000 0.023094 -17.500000
v -11.250000 -0.014765 -17.500000
v -9.375000 -0.047692 -17.500000
v -7.500000 -0.047283 -17.500000
v -5.625000 -0.015367 -17.500000
v -3.750000 0.018017 -17.500000
v -1.875000 0.023661 -17.500000
v 0.000000 0.001051 -17.500000
v 1.875000 -0.021973 -17.500000
v 3.750000 -0.017268 -17.500000
v 5.625000 0.015274 -17.500000
v 7.500000 0.046837 -17.500000
v 9.375000 0.047230 -17.500000
v 11.250000 0.014162 -17.500000
v 13.125000 -0.024209 -17.500000
v 15.000000 -0.035987 -17.500000
v 16.875000 -0.015652 -17.500000
v 18.750000 0.011572 -17.500000
v 20.625000 0.015158 -17.500000
v 22.500000 -0.010355 -17.500000
v 24.375000 -0.039720 -17.500000
v 26.250000 -0.041609 -17.500000
v 28.125000 -0.009544 -17.500000
v 30.000000 0.031027 -17.500000
v -30.000000 -0.031415 -15.555556
v -28.125000 0.001220 -15.555556
v -26.250000 0.018195 -15.555556
v -24.375000 0.003975 -15.555556
v -22.500000 -0.024372 -15.555556
v -20.625000 -0.034320 -15.555556
v -18.750000 -0.010345 -15.555556
v -16.875000 0.029994 -15.555556
v -15.000000 0.052168 -15.555556
v -13.125000 0.037465 -15.555556
v -11.250000 0.000714 -15.555556
v -9.375000 -0.024229 -15.555556
v -7.500000 -0.017088 -15.555556
v -5.625000 0.009781 -15.555556
v -3.750000 0.024315 -15.555556
v -1.875000 0.006921 -15.555556
v 0.000000 -0.029556 -15.555556
v 1.875000 -0.051639 -15.555556
v 3.750000 -0.037443 -15.555556
v 5.625000 0.001975 -15.555556
v 7.500000 0.032905 -15.555556
v 9.375000 0.030996 -15.555556
v 11.250000 0.003972 -15.555556
v 13.125000 -0.016862 -15.555556
v 15.000000 -0.007907 -15.555556
v 16.875000 0.023220 -15.555556
v 18.750000 0.044910 -15.555556
v 20.625000 0.032525 -15.555556
v 22.500000 -0.007043 -15.555556
v 24.375000 -0.041214 -15.555556
v 26.250000 -0.042413 -15.555556
v 28.125000 -0.013937 -15.555556
v 30.000000 0.013998 -15.555556
v -30.000000 0.007141 -13.611111
v -28.125000 0.032014 -13.611111
v -26.250000 0.028923 -13.611111
v -24.375000 -0.005057 -13.611111
v -22.500000 -0.042350 -13.611111
v -20.625000 -0.050776 -13.611111
v -18.750000 -0.024164 -13.611111
v -16.875000 0.011992 -13.611111
v -15.000000 0.025254 -13.611111
v -13.125000 0.007334 -13.611111
v -11.250000 -0.018619 -13.611111
v -9.375000 -0.021495 -13.611111
v -7.500000 0.006541 -13.611111
v -5.625000 0.041583 -13.611111
v -3.750000 0.050669 -13.611111
v -1.875000 0.023649 -13.611111
v 0.000000 -0.016722 -13.611111
v 1.875000 -0.036324 -13.611111
v 3.750000 -0.021991 -13.611111
v 5.625000 0.006674 -13.611111
v 7.500000 0.017314 -13.611111
v 9.375000 -0.002964 -13.611111
v 11.250000 -0.034623 -13.611111
v 13.125000 -0.044665 -13.611111
v 15.000000 -0.019093 -13.611111
v 16.875000 0.022769 -13.611111
v 18.750000 0.046135 -13.611111
v 20.625000 0.033596 -13.611111
v 22.500000 0.001157 -13.611111
v 24.375000 -0.017966 -13.611111
v 26.250000 -0.005931 -13.611111
v 28.125000 0.022508 -13.611111
v 30.000000 0.034859 -13.611111
v -30.000000 0.021024 -11.666667
v -28.125000 0.050119 -11.666667
v -26.250000 0.043815 -11.666667
v -24.375000 0.009386 -11.666667
v -22.500000 -0.020975 -11.666667
v -20.625000 -0.021243 -11.666667
v -18.750000 0.003714 -11.666667
v -16.875000 0.023731 -11.666667
v -15.000000 0.013670 -11.666667
v -13.125000 -0.021182 -11.666667
v -11.250000 -0.049500 -11.666667
v -9.375000 -0.043953 -11.666667
v -7.500000 -0.007750 -11.666667
v -5.625000 0.028115 -11.666667
v -3.750000 0.034298 -11.666667
v -1.875000 0.010713 -11.666667
v 0.000000 -0.014378 -11.666667
v 1.875000 -0.012743 -11.666667
v 3.750000 0.015720 -11.666667
v 5.625000 0.042602 -11.666667
v 7.500000 0.038731 -11.666667
v 9.375000 0.003053 -11.666667
v 11.250000 -0.035538 -11.666667
v 13.125000 -0.045324 -11.666667
v 15.000000 -0.021634 -11.666667
v 16.875000 0.009425 -11.666667
v 18.750000 0.016874 -11.666667
v 20.625000 -0.004883 -11.666667
v 22.500000 -0.030892 -11.666667
v 24.375000 -0.030554 -11.666667
v 26.250000 0.001728 -11.666667
v 28.125000 0.040110 -11.666667
v 30.000000 0.051511 -11.666667
v -30.000000 0.004685 -9.722222
v -28.125000 0.025086 -9.722222
v -26.250000 0.013163 -9.722222
v -24.375000 -0.013963 -9.722222
v -22.500000 -0.023984 -9.722222
v -20.625000 -0.001817 -9.722222
v -18.750000 0.034830 -9.722222
v -16.875000 0.052035 -9.722222
v -15.000000 0.032362 -9.722222
v -13.125000 -0.008063 -9.722222
v -11.250000 -0.034731 -9.722222
v -9.375000 -0.027504 -9.722222
v -7.500000 0.000772 -9.722222
v -5.625000 0.017738 -9.722222
v -3.750000 0.003805 -9.722222
v -1.875000 -0.028277 -9.722222
v 0.000000 -0.045685 -9.722222
v 1.875000 -0.027713 -9.722222
v 3.750000 0.013454 -9.722222
v 5.625000 0.043705 -9.722222
v 7.500000 0.039180 -9.722222
v 9.375000 0.008544 -9.722222
v 11.250000 -0.016158 -9.722222
v 13.125000 -0.011040 -9.722222
v 15.000000 0.016416 -9.722222
v 16.875000 0.035059 -9.722222
v 18.750000 0.021109 -9.722222
v 20.625000 -0.017770 -9.722222
v 22.500000 -0.048931 -9.722222
v 24.375000 -0.045630 -9.722222
v 26.250000 -0.012434 -9.722222
v 28.125000 0.019444 -9.722222
v 30.000000 0.022324 -9.722222
v -30.000000 0.021451 -7.777778
v -28.125000 0.019031 -7.777778
v -26.250000 -0.012413 -7.777778
v -24.375000 -0.045414 -7.777778
v -22.500000 -0.048702 -7.777778
v -20.625000 -0.017481 -7.777778
v -18.750000 0.021642 -7.777778
v -16.875000 0.035902 -7.777778
v -15.000000 0.017353 -7.777778
v -13.125000 -0.010397 -7.777778
v -11.250000 -0.016080 -7.777778
v -9.375000 0.008107 -7.777778
v -7.500000 0.038530 -7.777778
v -5.625000 0.043121 -7.777778
v -3.750000 0.012984 -7.777778
v -1.875000 -0.028217 -7.777778
v 0.000000 -0.046316 -7.777778
v 1.875000 -0.028890 -7.777778
v 3.750000 0.003536 -7.777778
v 5.625000 0.018043 -7.777778
v 7.500000 0.001571 -7.777778
v 9.375000 -0.026563 -7.777778
v 11.250000 -0.033998 -7.777778
v 13.125000 -0.007642 -7.777778
v 15.000000 0.032612 -7.777778
v 16.875000 0.052271 -7.777778
v 18.750000 0.035005 -7.777778
v 20.625000 -0.001939 -7.777778
v 22.500000 -0.024587 -7.777778
v 24.375000 -0.014951 -7.777778
v 26.250000 0.012158 -7.777778
v 28.125000 0.024443 -7.777778
v 30.000000 0.004527 -7.777778
v -30.000000 0.051283 -5.833333
v -28.125000 0.039878 -5.833333
v -26.250000 0.001368 -5.833333
v -24.375000 -0.031213 -5.833333
v -22.500000 -0.031813 -5.833333
v -20.625000 -0.005755 -5.833333
v -18.750000 0.016429 -5.833333
v -16.875000 0.009567 -5.833333
v -15.000000 -0.021077 -5.833333
v -13.125000 -0.044680 -5.833333
v -11.250000 -0.035009 -5.833333
v -9.375000 0.003516 -5.833333
v -7.500000 0.039287 -5.833333
v -5.625000 0.043261 -5.833333
v -3.750000 0.016244 -5.833333
v -1.875000 -0.012679 -5.833333
v 0.000000 -0.014899 -5.833333
v 1.875000 0.009812 -5.833333
v 3.750000 0.033406 -5.833333
v 5.625000 0.027506 -5.833333
v 7.500000 -0.008083 -5.833333
v 9.375000 -0.044190 -5.833333
v 11.250000 -0.049735 -5.833333
v 13.125000 -0.021278 -5.833333
v 15.000000 0.013965 -5.833333
v 16.875000 0.024511 -5.833333
v 18.750000 0.004759 -5.833333
v 20.625000 -0.020342 -5.833333
v 22.500000 -0.020520 -5.833333
v 24.375000 0.009395 -5.833333
v 26.250000 0.043609 -5.833333
v 28.125000 0.049892 -5.833333
v 30.000000 0.020749 -5.833333
v -30.000000 0.035640 -3.888889
v -28.125000 0.023459 -3.888889
v -26.250000 -0.005182 -3.888889
v -24.375000 -0.017744 -3.888889
v -22.500000 0.000825 -3.888889
v -20.625000 0.032971 -3.888889
v -18.750000 0.045527 -3.888889
v -16.875000 0.022283 -3.888889
v -15.000000 -0.019576 -3.888889
v -13.125000 -0.045275 -3.888889
v -11.250000 -0.035272 -3.888889
v -9.375000 -0.003347 -3.888889
v -7.500000 0.017475 -3.888889
v -5.625000 0.007379 -3.888889
v -3.750000 -0.021050 -3.888889
v -1.875000 -0.035524 -3.888889
v 0.000000 -0.016234 -3.888889
v 1.875000 0.023925 -3.888889
v 3.750000 0.050910 -3.888889
v 5.625000 0.041796 -3.888889
v 7.500000 0.006517 -3.888889
v 9.375000 -0.021980 -3.888889
v 11.250000 -0.019542 -3.888889
v 13.125000 0.006294 -3.888889
v 15.000000 0.024501 -3.888889
v 16.875000 0.011723 -3.888889
v 18.750000 -0.024062 -3.888889
v 20.625000 -0.050554 -3.888889
v 22.500000 -0.042124 -3.888889
v 24.375000 -0.004716 -3.888889
v 26.250000 0.029556 -3.888889
v 28.125000 0.032923 -3.888889
v 30.000000 0.008035 -3.888889
v -30.000000 0.014002 -1.944444
v -28.125000 -0.013455 -1.944444
v -26.250000 -0.041768 -1.944444
v -24.375000 -0.040658 -1.944444
v -22.500000 -0.006580 -1.944444
v -20.625000 0.033052 -1.944444
v -18.750000 0.045563 -1.944444
v -16.875000 0.023812 -1.944444
v -15.000000 -0.007708 -1.944444
v -13.125000 -0.017249 -1.944444
v -11.250000 0.003131 -1.944444
v -9.375000 0.030072 -1.944444
v -7.500000 0.032221 -1.944444
v -5.625000 0.001589 -1.944444
v -3.750000 -0.037692 -1.944444
v -1.875000 -0.051886 -1.944444
v 0.000000 -0.029713 -1.944444
v 1.875000 0.007102 -1.944444
v 3.750000 0.024988 -1.944444
v 5.625000 0.010797 -1.944444
v 7.500000 -0.016117 -1.944444
v 9.375000 -0.023655 -1.944444
v 11.250000 0.000816 -1.944444
v 13.125000 0.037293 -1.944444
v 15.000000 0.051947 -1.944444
v 16.875000 0.029750 -1.944444
v 18.750000 -0.010781 -1.944444
v 20.625000 -0.035078 -1.944444
v 22.500000 -0.025323 -1.944444
v 24.375000 0.003194 -1.944444
v 26.250000 0.017922 -1.944444
v 28.125000 0.001512 -1.944444
v 30.000000 -0.030803 -1.944444
v -30.000000 0.030520 0.000000
v -28.125000 -0.010013 0.000000
v -26.250000 -0.042192 0.000000
v -24.375000 -0.040388 0.000000
v -22.500000 -0.010837 0.000000
v -20.625000 0.015174 0.000000
v -18.750000 0.012164 0.000000
v -16.875000 -0.014733 0.000000
v -15.000000 -0.035131 0.000000
v -13.125000 -0.023648 0.000000
v -11.250000 0.014473 0.000000
v -9.375000 0.047476 0.000000
v -7.500000 0.047077 0.000000
v -5.625000 0.015336 0.000000
v -3.750000 -0.017632 0.000000
v -1.875000 -0.022812 0.000000
v 0.000000 0.000000 0.000000
v 1.875000 0.022812 0.000000
v 3.750000 0.017632 0.000000
v 5.625000 -0.015336 0.000000
v 7.500000 -0.047077 0.000000
v 9.375000 -0.047476 0.000000
v 11.250000 -0.014473 0.000000
v 13.125000 0.023648 0.000000
v 15.000000 0.035131 0.000000
v 16.875000 0.014733 0.000000
v 18.750000 -0.012164 0.000000
v 20.625000 -0.015174 0.000000
v 22.500000 0.010837 0.000000
v 24.375000 0.040388 0.000000
v 26.250000 0.042192 0.000000
v 28.125000 0.010013 0.000000
v 30.000000 -0.030520 0.000000
v -30.000000 0.030803 1.944444
v -28.125000 -0.001512 1.944444
v -26.250000 -0.017922 1.944444
v -24.375000 -0.003194 1.944444
v -22.500000 0.025323 1.944444
v -20.625000 0.035078 1.944444
v -18.750000 0.010781 1.944444
v -16.875000 -0.029750 1.944444
v -15.000000 -0.051947 1.944444
v -13.125000 -0.037293 1.944444
v -11.250000 -0.000816 1.944444
v -9.375000 0.023655 1.944444
v -7.500000 0.016117 1.944444
v -5.625000 -0.010797 1.944444
v -3.750000 -0.024988 1.944444
v -1.875000 -0.007102 1.944444
v 0.000000 0.029713 1.944444
v 1.875000 0.051886 1.944444
v 3.750000 0.037692 1.944444
v 5.625000 -0.001589 1.944444
v 7.500000 -0.032221 1.944444
v 9.375000 -0.030072 1.944444
v 11.250000 -0.003131 1.944444
v 13.125000 0.017249 1.944444
v 15.000000 0.007708 1.944444
v 16.875000 -0.023812 1.944444
v 18.750000 -0.045563 1.944444
v 20.625000 -0.033052 1.944444
v 22.500000 0.006580 1.944444
v 24.375000 0.040658 1.944444
v 26.250000 0.041768 1.944444
v 28.125000 0.013455 1.944444
v 30.000000 -0.014002 1.944444
v -30.000000 -0.008035 3.888889
v -28.125000 -0.032923 3.888889
v -26.250000 -0.029556 3.888889
v -24.375000 0.004716 3.888889
v -22.500000 0.042124 3.888889
v -20.625000 0.050554 3.888889
v -18.750000 0.024062 3.888889
v -16.875000 -0.011723 3.888889
v -15.000000 -0.024501 3.888889
v -13.125000 -0.006294 3.888889
v -11.250000 0.019542 3.888889
v -9.375000 0.021980 3.888889
v -7.500000 -0.006517 3.888889
v -5.625000 -0.041796 3.888889
v -3.750000 -0.050910 3.888889
v -1.875000 -0.023925 3.888889
v 0.000000 0.016234 3.888889
v 1.875000 0.035524 3.888889
v 3.750000 0.021050 3.888889
v 5.625000 -0.007379 3.888889
v 7.500000 -0.017475 3.888889
v 9.375000 0.003347 3.888889
v 11.250000 0.035272 3.888889
v 13.125000 0.045275 3.888889
v 15.000000 0.019576 3.888889
v 16.875000 -0.022283 3.888889
v 18.750000 -0.045527 3.888889
v 20.625000 -0.032971 3.888889
v 22.500000 -0.000825 3.888889
v 24.375000 0.017744 3.888889
v 26.250000 0.005182 3.888889
v 28.125000 -0.023459 3.888889
v 30.000000 -0.035640 3.888889
v -30.000000 -0.020749 5.833333
v -28.125000 -0.049892 5.833333
v -26.250000 -0.043609 5.833333
v -24.375000 -0.009395 5.833333
v -22.500000 0.020520 5.833333
v -20.625000 0.020342 5.833333
v -18.750000 -0.004759 5.833333
v -16.875000 -0.024511 5.833333
v -15.000000 -0.013965 5.833333
v -13.125000 0.021278 5.833333
v -11.250000 0.049735 5.833333
v -9.375000 0.044190 5.833333
v -7.500000 0.008083 5.833333
v -5.625000 -0.027506 5.833333
v -3.750000 -0.033406 5.833333
v -1.875000 -0.009812 5.833333
v 0.000000 0.014899 5.833333
v 1.875000 0.012679 5.833333
v 3.750000 -0.016244 5.833333
v 5.625000 -0.043261 5.833333
v 7.500000 -0.039287 5.833333
v 9.375000 -0.003516 5.833333
v 11.250000 0.035009 5.833333
v 13.125000 0.044680 5.833333
v 15.000000 0.021077 5.833333
v 16.875000 -0.009567 5.833333
v 18.750000 -0.016429 5.833333
v 20.625000 0.005755 5.833333
v 22.500000 0.031813 5.833333
v 24.375000 0.031213 5.833333
v 26.250000 -0.001368 5.833333
v 28.125000 -0.039878 5.833333
v 30.000000 -0.051283 5.833333
v -30.000000 -0.004527 7.777778
v -28.125000 -0.024443 7.777778
v -26.250000 -0.012158 7.777778
v -24.375000 0.014951 7.777778
v -22.500000 0.024587 7.777778
v -20.625000 0.001939 7.777778
v -18.750000 -0.035005 7.777778
v -16.875000 -0.052271 7.777778
v -15.000000 -0.032612 7.777778
v -13.125000 0.007642 7.777778
v -11.250000 0.033998 7.777778
v -9.375000 0.026563 7.777778
v -7.500000 -0.001571 7.777778
v -5.625000 -0.018043 7.777778
v -3.750000 -0.003536 7.777778
v -1.875000 0.028890 7.777778
v 0.000000 0.046316 7.777778
v 1.875000 0.028217 7.777778
v 3.750000 -0.012984 7.777778
v 5.625000 -0.043121 7.777778
v 7.500000 -0.038530 7.777778
v 9.375000 -0.008107 7.777778
v 11.250000 0.016080 7.777778
v 13.125000 0.010397 7.777778
v 15.000000 -0.017353 7.777778
v 16.875000 -0.035902 7.777778
v 18.750000 -0.021642 7.777778
v 20.625000 0.017481 7.777778
v 22.500000 0.048702 7.777778
v 24.375000 0.045414 7.777778
v 26.250000 0.012413 7.777778
v 28.125000 -0.019031 7.777778
v 30.000000 -0.021451 7.777778
v -30.000000 -0.022324 9.722222
v -28.125000 -0.019444 9.722222
v -26.250000 0.012434 9.722222
v -24.375000 0.045630 9.722222
v -22.500000 0.048931 9.722222
v -20.625000 0.017770 9.722222
v -18.750000 -0.021109 9.722222
v -16.875000 -0.035059 9.722222
v -15.000000 -0.016416 9.722222
v -13.125000 0.011040 9.722222
v -11.250000 0.016158 9.722222
v -9.375000 -0.008544 9.722222
v -7.500000 -0.039180 9.722222
v -5.625000 -0.043705 9.722222
v -3.750000 -0.013454 9.722222
v -1.875000 0.027713 9.722222
v 0.000000 0.045685 9.722222
v 1.875000 0.028277 9.722222
v 3.750000 -0.003805 9.722222
v 5.625000 -0.017738 9.722222
v 7.500000 -0.000772 9.722222
v 9.375000 0.027504 9.722222
v 11.250000 0.034731 9.722222
v 13.125000 0.008063 9.722222
v 15.000000 -0.032362 9.722222
v 16.875000 -0.052035 9.722222
v 18.750000 -0.034830 9.722222
v 20.625000 0.001817 9.722222
v 22.500000 0.023984 9.722222
v 24.375000 0.013963 9.722222
v 26.250000 -0.013163 9.722222
v 28.125000 -0.025086 9.722222
v 30.000000 -0.004685 9.722222
v -30.000000 -0.051511 11.666667
v -28.125000 -0.040110 11.666667
v -26.250000 -0.001728 11.666667
v -24.375000 0.030554 11.666667
v -22.500000 0.030892 11.666667
v -20.625000 0.004883 11.666667
v -18.750000 -0.016874 11.666667
v -16.875000 -0.009425 11.666667
v -15.000000 0.021634 11.666667
v -13.125000 0.045324 11.666667
v -11.250000 0.035538 11.666667
v -9.375000 -0.003053 11.666667
v -7.500000 -0.038731 11.666667
v -5.625000 -0.042602 11.666667
v -3.750000 -0.015720 11.666667
v -1.875000 0.012743 11.666667
v 0.000000 0.014378 11.666667
v 1.875000 -0.010713 11.666667
v 3.750000 -0.034298 11.666667
v 5.625000 -0.028115 11.666667
v 7.500000 0.007750 11.666667
v 9.375000 0.043953 11.666667
v 11.250000 0.049500 11.666667
v 13.125000 0.021182 11.666667
v 15.000000 -0.013670 11.666667
v 16.875000 -0.023731 11.666667
v 18.750000 -0.003714 11.666667
v 20.625000 0.021243 11.666667
v 22.500000 0.020975 11.666667
v 24.375000 -0.009386 11.666667
v 26.250000 -0.043815 11.666667
v 28.125000 -0.050119 11.666667
v 30.000000 -0.021024 11.666667
v -30.000000 -0.034859 13.611111
v -28.125000 -0.022508 13.611111
v -26.250000 0.005931 13.611111
v -24.375000 0.017966 13.611111
v -22.500000 -0.001157 13.611111
v -20.625000 -0.033596 13.611111
v -18.750000 -0.046135 13.611111
v -16.875000 -0.022769 13.611111
v -15.000000 0.019093 13.611111
v -13.125000 0.044665 13.611111
v -11.250000 0.034623 13.611111
v -9.375000 0.002964 13.611111
v -7.500000 -0.017314 13.611111
v -5.625000 -0.006674 13.611111
v -3.750000 0.021991 13.611111
v -1.875000 0.036324 13.611111
v 0.000000 0.016722 13.611111
v 1.875000 -0.023649 13.611111
v 3.750000 -0.050669 13.611111
v 5.625000 -0.041583 13.611111
v 7.500000 -0.006541 13.611111
v 9.375000 0.021495 13.611111
v 11.250000 0.018619 13.611111
v 13.125000 -0.007334 13.611111
v 15.000000 -0.025254 13.611111
v 16.875000 -0.011992 13.611111
v 18.750000 0.024164 13.611111
v 20.625000 0.050776 13.611111
v 22.500000 0.042350 13.611111
v 24.375000 0.005057 13.611111
v 26.250000 -0.028923 13.611111
v 28.125000 -0.032014 13.611111
v 30.000000 -0.007141 13.611111
v -30.000000 -0.013998 15.555556
v -28.125000 0.013937 15.555556
v -26.250000 0.042413 15.555556
v -24.375000 0.041214 15.555556
v -22.500000 0.007043 15.555556
v -20.625000 -0.032525 15.555556
v -18.750000 -0.044910 15.555556
v -16.875000 -0.023220 15.555556
v -15.000000 0.007907 15.555556
v -13.125000 0.016862 15.555556
v -11.250000 -0.003972 15.555556
v -9.375000 -0.030996 15.555556
v -7.500000 -0.032905 15.555556
v -5.625000 -0.001975 15.555556
v -3.750000 0.037443 15.555556
v -1.875000 0.051639 15.555556
v 0.000000 0.029556 15.555556
v 1.875000 -0.006921 15.555556
v 3.750000 -0.024315 15.555556
v 5.625000 -0.009781 15.555556
v 7.500000 0.017088 15.555556
v 9.375000 0.024229 15.555556
v 11.250000 -0.000714 15.555556
v 13.125000 -0.037465 15.555556
v 15.000000 -0.052168 15.555556
v 16.875000 -0.029994 15.555556
v 18.750000 0.010345 15.555556
v 20.625000 0.034320 15.555556
v 22.500000 0.024372 15.555556
v 24.375000 -0.003975 15.555556
v 26.250000 -0.018195 15.555556
v 28.125000 -0.001220 15.555556
v 30.000000 0.031415 15.555556
v -30.000000 -0.031027 17.500000
v -28.125000 0.009544 17.500000
v -26.250000 0.041609 17.500000
v -24.375000 0.039720 17.500000
v -22.500000 0.010355 17.500000
v -20.625000 -0.015158 17.500000
v -18.750000 -0.011572 17.500000
v -16.875000 0.015652 17.500000
v -15.000000 0.035987 17.500000
v -13.125000 0.024209 17.500000
v -11.250000 -0.014162 17.500000
v -9.375000 -0.047230 17.500000
v -7.500000 -0.046837 17.500000
v -5.625000 -0.015274 17.500000
v -3.750000 0.017268 17.500000
v -1.875000 0.021973 17.500000
v 0.000000 -0.001051 17.500000
v 1.875000 -0.023661 17.500000
v 3.750000 -0.018017 17.500000
v 5.625000 0.015367 17.500000
v 7.500000 0.047283 17.500000
v 9.375000 0.047692 17.500000
v 11.250000 0.014765 17.500000
v 13.125000 -0.023094 17.500000
v 15.000000 -0.034266 17.500000
v 16.875000 -0.013797 17.500000
v 18.750000 0.012781 17.500000
v 20.625000 0.015220 17.500000
v 22.500000 -0.011289 17.500000
v 24.375000 -0.041029 17.500000
v 26.250000 -0.042757 17.500000
v 28.125000 -0.010478 17.500000
v 30.000000 0.030002 17.500000
v -30.000000 -0.030163 19.444444
v -28.125000 0.001835 19.444444
v -26.250000 0.017677 19.444444
v -24.375000 0.002434 19.444444
v -22.500000 -0.026260 19.444444
v -20.625000 -0.035832 19.444444
v -18.750000 -0.011229 19.444444
v -16.875000 0.029481 19.444444
v -15.000000 0.051694 19.444444
v -13.125000 0.037088 19.444444
v -11.250000 0.000892 19.444444
v -9.375000 -0.023099 19.444444
v -7.500000 -0.015151 19.444444
v -5.625000 0.011818 19.444444
v -3.750000 0.025675 19.444444
v -1.875000 0.007308 19.444444
v 0.000000 -0.029839 19.444444
v 1.875000 -0.052099 19.444444
v 3.750000 -0.037914 19.444444
v 5.625000 0.001218 19.444444
v 7.500000 0.031538 19.444444
v 9.375000 0.029137 19.444444
v 11.250000 0.002270 19.444444
v 13.125000 -0.017663 19.444444
v 15.000000 -0.007539 19.444444
v 16.875000 0.024374 19.444444
v 18.750000 0.046192 19.444444
v 20.625000 0.033566 19.444444
v 22.500000 -0.006114 19.444444
v 24.375000 -0.040085 19.444444
v 26.250000 -0.041097 19.444444
v 28.125000 -0.012942 19.444444
v 30.000000 0.014035 19.444444
v -30.000000 0.008908 21.388889
v -28.125000 0.033822 21.388889
v -26.250000 0.030190 21.388889
v -24.375000 -0.004359 21.388889
v -22.500000 -0.041870 21.388889
v -20.625000 -0.050298 21.388889
v -18.750000 -0.023929 21.388889
v -16.875000 0.011478 21.388889
v -15.000000 0.023762 21.388889
v -13.125000 0.005257 21.388889
v -11.250000 -0.020473 21.388889
v -9.375000 -0.022483 21.388889
v -7.500000 0.006465 21.388889
v -5.625000 0.041976 21.388889
v -3.750000 0.051119 21.388889
v -1.875000 0.024178 21.388889
v 0.000000 -0.015755 21.388889
v 1.875000 -0.034719 21.388889
v 3.750000 -0.020093 21.388889
v 5.625000 0.008107 21.388889
v 7.500000 0.017665 21.388889
v 9.375000 -0.003701 21.388889
v 11.250000 -0.035892 21.388889
v 13.125000 -0.045865 21.388889
v 15.000000 -0.020052 21.388889
v 16.875000 0.021789 21.388889
v 18.750000 0.044898 21.388889
v 20.625000 0.032317 21.388889
v 22.500000 0.000461 21.388889
v 24.375000 -0.017549 21.388889
v 26.250000 -0.004457 21.388889
v 28.125000 0.024394 21.388889
v 30.000000 0.036417 21.388889
v -30.000000 0.020452 23.333333
v -28.125000 0.049635 23.333333
v -26.250000 0.043370 23.333333
v -24.375000 0.009376 23.333333
v -22.500000 -0.020085 23.333333
v -20.625000 -0.019449 23.333333
v -18.750000 0.005806 23.333333
v -16.875000 0.025302 23.333333
v -15.000000 0.014282 23.333333
v -13.125000 -0.021343 23.333333
v -11.250000 -0.049937 23.333333
v -9.375000 -0.044398 23.333333
v -7.500000 -0.008397 23.333333
v -5.625000 0.026901 23.333333
v -3.750000 0.032506 23.333333
v -1.875000 0.008894 23.333333
v 0.000000 -0.015445 23.333333
v 1.875000 -0.012644 23.333333
v 3.750000 0.016737 23.333333
v 5.625000 0.043893 23.333333
v 7.500000 0.039825 23.333333
v 9.375000 0.003978 23.333333
v 11.250000 -0.034466 23.333333
v 13.125000 -0.044011 23.333333
v 15.000000 -0.020490 23.333333
v 16.875000 0.009738 23.333333
v 18.750000 0.016011 23.333333
v 20.625000 -0.006607 23.333333
v 22.500000 -0.032722 23.333333
v 24.375000 -0.031873 23.333333
v 26.250000 0.000993 23.333333
v 28.125000 0.039620 23.333333
v 30.000000 0.051022 23.333333
v -30.000000 0.004394 25.277778
v -28.125000 0.023816 25.277778
v -26.250000 0.011159 25.277778
v -24.375000 -0.015943 25.277778
v -22.500000 -0.025206 25.277778
v -20.625000 -0.002086 25.277778
v -18.750000 0.035148 25.277778
v -16.875000 0.052473 25.277778
v -15.000000 0.032835 25.277778
v -13.125000 -0.007235 25.277778
v -11.250000 -0.033264 25.277778
v -9.375000 -0.025609 25.277778
v -7.500000 0.002391 25.277778
v -5.625000 0.018376 25.277778
v -3.750000 0.003297 25.277778
v -1.875000 -0.029473 25.277778
v 0.000000 -0.046925 25.277778
v 1.875000 -0.028710 25.277778
v 3.750000 0.012509 25.277778
v 5.625000 0.042520 25.277778
v 7.500000 0.037852 25.277778
v 9.375000 0.007640 25.277778
v 11.250000 -0.016031 25.277778
v 13.125000 -0.009778 25.277778
v 15.000000 0.018273 25.277778
v 16.875000 0.036738 25.277778
v 18.750000 0.022182 25.277778
v 20.625000 -0.017172 25.277778
v 22.500000 -0.048442 25.277778
v 24.375000 -0.045164 25.277778
v 26.250000 -0.012363 25.277778
v 28.125000 0.018638 25.277778
v 30.000000 0.020588 25.277778
v -30.000000 0.023206 27.222222
v -28.125000 0.019877 27.222222
v -26.250000 -0.012425 27.222222
v -24.375000 -0.045812 27.222222
v -22.500000 -0.049130 27.222222
v -20.625000 -0.018037 27.222222
v -18.750000 0.020584 27.222222
v -16.875000 0.034211 27.222222
v -15.000000 0.015463 27.222222
v -13.125000 -0.011707 27.222222
v -11.250000 -0.016264 27.222222
v -9.375000 0.008950 27.222222
v -7.500000 0.039802 27.222222
v -5.625000 0.044268 27.222222
v -3.750000 0.013919 27.222222
v -1.875000 -0.027199 27.222222
v 0.000000 -0.045030 27.222222
v 1.875000 -0.027636 27.222222
v 3.750000 0.004104 27.222222
v 5.625000 0.017460 27.222222
v 7.500000 -0.000005 27.222222
v 9.375000 -0.028432 27.222222
v 11.250000 -0.035461 27.222222
v 13.125000 -0.008495 27.222222
v 15.000000 0.032088 27.222222
v 16.875000 0.051766 27.222222
v 18.750000 0.034622 27.222222
v 20.625000 -0.001722 27.222222
v 22.500000 -0.023398 27.222222
v 24.375000 -0.012982 27.222222
v 26.250000 0.014172 27.222222
v 28.125000 0.025744 27.222222
v 30.000000 0.004869 27.222222
v -30.000000 0.051705 29.166667
v -28.125000 0.040313 29.166667
v -26.250000 0.002071 29.166667
v -24.375000 -0.029898 29.166667
v -22.500000 -0.029961 29.166667
v -20.625000 -0.003991 29.166667
v -18.750000 0.017345 29.166667
v -16.875000 0.009314 29.166667
v -15.000000 -0.022161 29.166667
v -13.125000 -0.045943 29.166667
v -11.250000 -0.036053 29.166667
v -9.375000 0.002590 29.166667
v -7.500000 0.038161 29.166667
v -5.625000 0.041917 29.166667
v -3.750000 0.015166 29.166667
v -1.875000 -0.012837 29.166667
v 0.000000 -0.013882 29.166667
v 1.875000 0.011594 29.166667
v 3.750000 0.035179 29.166667
v 5.625000 0.028726 29.166667
v 7.500000 -0.007401 29.166667
v 9.375000 -0.043688 29.166667
v 11.250000 -0.049231 29.166667
v 13.125000 -0.021054 29.166667
v 15.000000 0.013399 29.166667
v 16.875000 0.022965 29.166667
v 18.750000 0.002671 29.166667
v 20.625000 -0.022153 29.166667
v 22.500000 -0.021449 29.166667
v 24.375000 0.009348 29.166667
v 26.250000 0.043988 29.166667
v 28.125000 0.050313 29.166667
v 30.000000 0.021277 29.166667
v -30.000000 0.034076 31.111111
v -28.125000 0.021543 31.111111
v -26.250000 -0.006702 31.111111
v -24.375000 -0.018216 31.111111
v -22.500000 0.001460 31.111111
v -20.625000 0.034192 31.111111
v -18.750000 0.046720 31.111111
v -16.875000 0.023245 31.111111
v -15.000000 -0.018603 31.111111
v -13.125000 -0.044035 31.111111
v -11.250000 -0.033946 31.111111
v -9.375000 -0.002550 31.111111
v -7.500000 0.017181 31.111111
v -5.625000 0.005993 31.111111
v -3.750000 -0.022916 31.111111
v -1.875000 -0.037119 31.111111
v 0.000000 -0.017218 31.111111
v 1.875000 0.023351 31.111111
v 3.750000 0.050397 31.111111
v 5.625000 0.041336 31.111111
v 7.500000 0.006536 31.111111
v 9.375000 -0.021031 31.111111
v 11.250000 -0.017706 31.111111
v 13.125000 0.008375 31.111111
v 15.000000 0.026018 31.111111
v 16.875000 0.012283 31.111111
v 18.750000 -0.024234 31.111111
v 20.625000 -0.050965 31.111111
v 22.500000 -0.042546 31.111111
v 24.375000 -0.005379 31.111111
v 26.250000 0.028295 31.111111
v 28.125000 0.031095 31.111111
v 30.000000 0.006229 31.111111
v -30.000000 0.014023 33.055556
v -28.125000 -0.014389 33.055556
v -26.250000 -0.043031 33.055556
v -24.375000 -0.041753 33.055556
v -22.500000 -0.007503 33.055556
v -20.625000 0.031987 33.055556
v -18.750000 0.044233 33.055556
v -16.875000 0.022599 33.055556
v -15.000000 -0.008136 33.055556
v -13.125000 -0.016502 33.055556
v -11.250000 0.004791 33.055556
v -9.375000 0.031907 33.055556
v -7.500000 0.033589 33.055556
v -5.625000 0.002374 33.055556
v -3.750000 -0.037167 33.055556
v -1.875000 -0.051358 33.055556
v 0.000000 -0.029366 33.055556
v 1.875000 0.006766 33.055556
v 3.750000 0.023658 33.055556
v 5.625000 0.008769 33.055556
v 7.500000 -0.018066 33.055556
v 9.375000 -0.024819 33.055556
v 11.250000 0.000585 33.055556
v 13.125000 0.037604 33.055556
v 15.000000 0.052355 33.055556
v 16.875000 0.030213 33.055556
v 18.750000 -0.009922 33.055556
v 20.625000 -0.033562 33.055556
v 22.500000 -0.023408 33.055556
v 24.375000 0.004778 33.055556
v 26.250000 0.018495 33.055556
v 28.125000 0.000958 33.055556
v 30.000000 -0.031996 33.055556
v -30.000000 0.031520 35.000000
v -28.125000 -0.009072 35.000000
v -26.250000 -0.041010 35.000000
v -24.375000 -0.039026 35.000000
v -22.500000 -0.009843 35.000000
v -20.625000 0.015170 35.000000
v -18.750000 0.011004 35.000000
v -16.875000 -0.016553 35.000000
v -15.000000 -0.036836 35.000000
v -13.125000 -0.024774 35.000000
v -11.250000 0.013832 35.000000
v -9.375000 0.046955 35.000000
v -7.500000 0.046564 35.000000
v -5.625000 0.015182 35.000000
v -3.750000 -0.016926 35.000000
v -1.875000 -0.021146 35.000000
v 0.000000 0.002100 35.000000
v 1.875000 0.024520 35.000000
v 3.750000 0.018422 35.000000
v 5.625000 -0.015369 35.000000
v 7.500000 -0.047455 35.000000
v 9.375000 -0.047876 35.000000
v 11.250000 -0.015036 35.000000
v 13.125000 0.022546 35.000000
v 15.000000 0.033396 35.000000
v 16.875000 0.012844 35.000000
v 18.750000 -0.013422 35.000000
v 20.625000 -0.015295 35.000000
v 22.500000 0.011710 35.000000
v 24.375000 0.041641 35.000000
v 26.250000 0.043303 35.000000
v 28.125000 0.010938 35.000000
v 30.000000 -0.029474 35.000000
vt 0.000000 0.000000
vt 0.031250 0.000000
vt 0.062500 0.000000
vt 0.093750 0.000000
vt 0.125000 0.000000
vt 0.156250 0.000000
vt 0.187500 0.000000
vt 0.218750 0.000000
vt 0.250000 0.000000
vt 0.281250 0.000000
vt 0.312500 0.000000
vt 0.343750 0.000000
vt 0.375000 0.000000
vt 0.406250 0.000000
vt 0.437500 0.000000
vt 0.468750 0.000000
vt 0.500000 0.000000
vt 0.531250 0.000000
vt 0.562500 0.000000
vt 0.593750 0.000000
vt 0.625000 0.000000
vt 0.656250 0.000000
vt 0.687500 0.000000
vt 0.718750 0.000000
vt 0.750000 0.000000
vt 0.781250 0.000000
vt 0.812500 0.000000
vt 0.843750 0.000000
vt 0.875000 0.000000
vt 0.906250 0.000000
vt 0.937500 0.000000
vt 0.968750 0.000000
vt 1.000000 0.000000
vt 0.000000 0.027778
vt 0.031250 0.027778
vt 0.062500 0.027778
vt 0.093750 0.027778
vt 0.125000 0.027778
vt 0.156250 0.027778
vt 0.187500 0.027778
vt 0.218750 0.027778
vt 0.250000 0.027778
vt 0.281250 0.027778
vt 0.312500 0.027778
vt 0.343750 0.027778
vt 0.375000 0.027778
vt 0.406250 0.027778
vt 0.437500 0.027778
vt 0.468750 0.027778
vt 0.500000 0.027778
vt 0.531250 0.027778
vt 0.562500 0.027778
vt 0.593750 0.027778
vt 0.625000 0.027778
vt 0.656250 0.027778
vt 0.687500 0.027778
vt 0.718750 0.027778
vt 0.750000 0.027778
vt 0.781250 0.027778
vt 0.812500 0.027778
vt 0.843750 0.027778
vt 0.875000 0.027778
vt 0.906250 0.027778
vt 0.937500 0.027778
vt 0.968750 0.027778
vt 1.000000 0.027778
vt 0.000000 0.055556
vt 0.031250 0.055556
vt 0.062500 0.055556
vt 0.093750 0.055556
vt 0.125000 0.055556
vt 0.156250 0.055556
vt 0.187500 0.055556
vt 0.218750 0.055556
vt 0.250000 0.055556
vt 0.281250 0.055556
vt 0.312500 0.055556
vt 0.343750 0.055556
vt 0.375000 0.055556
vt 0.406250 0.055556
vt 0.437500 0.055556
vt 0.468750 0.055556
vt 0.500000 0.055556
vt 0.531250 0.055556
vt 0.562500 0.055556
vt 0.593750 0.055556
vt 0.625000 0.055556
vt 0.656250 0.055556
vt 0.687500 0.055556
vt 0.718750 0.055556
vt 0.750000 0.055556
vt 0.781250 0.055556
vt 0.812500 0.055556
vt 0.843750 0.055556
vt 0.875000 0.055556
vt 0.906250 0.055556
vt 0.937500 0.055556
vt 0.968750 0.055556
vt 1.000000 0.055556
vt 0.000000 0.083333
vt 0.031250 0.083333
vt 0.062500 0.083333
vt 0.093750 0.083333
vt 0.125000 0.083333
vt 0.156250 0.083333
vt 0.187500 0.083333
vt 0.218750 0.083333
vt 0.250000 0.083333
vt 0.281250 0.083333
vt 0.312500 0.083333
vt 0.343750 0.083333
vt 0.375000 0.083333
vt 0.406250 0.083333
vt 0.437500 0.083333
vt 0.468750 0.083333
vt 0.500000 0.083333
vt 0.531250 0.083333
vt 0.562500 0.083333
vt 0.593750 0.083333
vt 0.625000 0.083333
vt 0.656250 0.083333
vt 0.687500 0.083333
vt 0.718750 0.083333
vt 0.750000 0.083333
vt 0.781250 0.083333
vt 0.812500 0.083333
vt 0.843750 0.083333
vt 0.875000 0.083333
vt 0.906250 0.083333
vt 0.937500 0.083333
vt 0.968750 0.083333
vt 1.000000 0.083333
vt 0.000000 0.111111
vt 0.031250 0.111111
vt 0.062500 0.111111
vt 0.093750 0.111111
vt 0.125000 0.111111
vt 0.156250 0.111111
vt 0.187500 0.111111
vt 0.218750 0.111111
vt 0.250000 0.111111
vt 0.281250 0.111111
vt 0.312500 0.111111
vt 0.343750 0.111111
vt 0.375000 0.111111
vt 0.406250 0.111111
vt 0.437500 0.111111
vt 0.468750 0.111111
vt 0.500000 0.111111
vt 0.531250 0.111111
vt 0.562500 0.111111
vt 0.593750 0.111111
vt 0.625000 0.111111
vt 0.656250 0.111111
vt 0.687500 0.111111
vt 0.718750 0.111111
vt 0.750000 0.111111
vt 0.781250 0.111111
vt 0.812500 0.111111
vt 0.843750 0.111111
vt 0.875000 0.111111
vt 0.906250 0.111111
vt 0.937500 0.111111
vt 0.968750 0.111111
vt 1.000000 0.111111
vt 0.000000 0.138889
vt 0.031250 0.138889
vt 0.062500 0.138889
vt 0.093750 0.138889
vt 0.125000 0.138889
vt 0.156250 0.138889
vt 0.187500 0.138889
vt 0.218750 0.138889
vt 0.250000 0.138889
vt 0.281250 0.138889
vt 0.312500 0.138889
vt 0.343750 0.138889
vt 0.375000 0.138889
vt 0.406250 0.138889
vt 0.437500 0.138889
vt 0.468750 0.138889
vt 0.500000 0.138889
vt 0.531250 0.138889
vt 0.562500 0.138889
vt 0.593750 0.138889
vt 0.625000 0.138889
vt 0.656250 0.138889
vt 0.687500 0.138889
vt 0.718750 0.138889
vt 0.750000 0.138889
vt 0.781250 0.138889
vt 0.812500 0.138889
vt 0.843750 0.138889
vt 0.875000 0.138889
vt 0.906250 0.138889
vt 0.937500 0.138889
vt 0.968750 0.138889
vt 1.000000 0.138889
vt 0.000000 0.166667
vt 0.031250 0.166667
vt 0.062500 0.166667
vt 0.093750 0.166667
vt 0.125000 0.166667
vt 0.156250 0.166667
vt 0.187500 0.166667
vt 0.218750 0.166667
vt 0.250000 0.166667
vt 0.281250 0.166667
vt 0.312500 0.166667
vt 0.343750 0.166667
vt 0.375000 0.166667
vt 0.406250 0.166667
vt 0.437500 0.166667
vt 0.468750 0.166667
vt 0.500000 0.166667
vt 0.531250 0.166667
vt 0.562500 0.166667
vt 0.593750 0.166667
vt 0.625000 0.166667
vt 0.656250 0.166667
vt 0.687500 0.166667
vt 0.718750 0.166667
vt 0.750000 0.166667
vt 0.781250 0.166667
vt 0.812500 0.166667
vt 0.843750 0.166667
vt 0.875000 0.166667
vt 0.906250 0.166667
vt 0.937500 0.166667
vt 0.968750 0.166667
vt 1.000000 0.166667
vt 0.000000 0.194444
vt 0.031250 0.194444
vt 0.062500 0.194444
vt 0.093750 0.194444
vt 0.125000 0.194444
vt 0.156250 0.194444
vt 0.187500 0.194444
vt 0.218750 0.194444
vt 0.250000 0.194444
vt 0.281250 0.194444
vt 0.312500 0.194444
vt 0.343750 0.194444
vt 0.375000 0.194444
vt 0.406250 0.194444
vt 0.437500 0.194444
vt 0.468750 0.194444
vt 0.500000 0.194444
vt 0.531250 0.194444
vt 0.562500 0.194444
vt 0.593750 0.194444
vt 0.625000 0.194444
vt 0.656250 0.194444
vt 0.687500 0.194444
vt 0.718750 0.194444
vt 0.750000 0.194444
vt 0.781250 0.194444
vt 0.812500 0.194444
vt 0.843750 0.194444
vt 0.875000 0.194444
vt 0.906250 0.194444
vt 0.937500 0.194444
vt 0.968750 0.194444
vt 1.000000 0.194444
vt 0.000000 0.222222
vt 0.031250 0.222222
vt 0.062500 0.222222
vt 0.093750 0.222222
vt 0.125000 0.222222
vt 0.156250 0.222222
vt 0.187500 0.222222
vt 0.218750 0.222222
vt 0.250000 0.222222
vt 0.281250 0.222222
vt 0.312500 0.222222
vt 0.343750 0.222222
vt 0.375000 0.222222
vt 0.406250 0.222222
vt 0.437500 0.222222
vt 0.468750 0.222222
vt 0.500000 0.222222
vt 0.531250 0.222222
vt 0.562500 0.222222
vt 0.593750 0.222222
vt 0.625000 0.222222
vt 0.656250 0.222222
vt 0.687500 0.222222
vt 0.718750 0.222222
vt 0.750000 0.222222
vt 0.781250 0.222222
vt 0.812500 0.222222
vt 0.843750 0.222222
vt 0.875000 0.222222
vt 0.906250 0.222222
vt 0.937500 0.222222
vt 0.968750 0.222222
vt 1.000000 0.222222
vt 0.000000 0.250000
vt 0.031250 0.250000
vt 0.062500 0.250000
vt 0.093750 0.250000
vt 0.125000 0.250000
vt 0.156250 0.250000
vt 0.187500 0.250000
vt 0.218750 0.250000
vt 0.250000 0.250000
vt 0.281250 0.250000
vt 0.312500 0.250000
vt 0.343750 0.250000
vt 0.375000 0.250000
vt 0.406250 0.250000
vt 0.437500 0.250000
vt 0.468750 0.250000
vt 0.500000 0.250000
vt 0.531250 0.250000
vt 0.562500 0.250000
vt 0.593750 0.250000
vt 0.625000 0.250000
vt 0.656250 0.250000
vt 0.687500 0.250000
vt 0.718750 0.250000
vt 0.750000 0.250000
vt 0.781250 0.250000
vt 0.812500 0.250000
vt 0.843750 0.250000
vt 0.875000 0.250000
vt 0.906250 0.250000
vt 0.937500 0.250000
vt 0.968750 0.250000
vt 1.000000 0.250000
vt 0.000000 0.277778
vt 0.031250 0.277778
vt 0.062500 0.277778
vt 0.093750 0.277778
vt 0.125000 0.277778
vt 0.156250 0.277778
vt 0.187500 0.277778
vt 0.218750 0.277778
vt 0.250000 0.277778
vt 0.281250 0.277778
vt 0.312500 0.277778
vt 0.343750 0.277778
vt 0.375000 0.277778
vt 0.406250 0.277778
vt 0.437500 0.277778
vt 0.468750 0.277778
vt 0.500000 0.277778
vt 0.531250 0.277778
vt 0.562500 0.277778
vt 0.593750 0.277778
vt 0.625000 0.277778
vt 0.656250 0.277778
vt 0.687500 0.277778
vt 0.718750 0.277778
vt 0.750000 0.277778
vt 0.781250 0.277778
vt 0.812500 0.277778
vt 0.843750 0.277778
vt 0.875000 0.277778
vt 0.906250 0.277778
vt 0.937500 0.277778
vt 0.968750 0.277778
vt 1.000000 0.277778
vt 0.000000 0.305556
vt 0.031250 0.305556
vt 0.062500 0.305556
vt 0.093750 0.305556
vt 0.125000 0.305556
vt 0.156250 0.305556
vt 0.187500 0.305556
vt 0.218750 0.305556
vt 0.250000 0.305556
vt 0.281250 0.305556
vt 0.312500 0.305556
vt 0.343750 0.305556
vt 0.375000 0.305556
vt 0.406250 0.305556
vt 0.437500 0.305556
vt 0.468750 0.305556
vt 0.500000 0.305556
vt 0.531250 0.305556
vt 0.562500 0.305556
vt 0.593750 0.305556
vt 0.625000 0.305556
vt 0.656250 0.305556
vt 0.687500 0.305556
vt 0.718750 0.305556
vt 0.750000 0.305556
vt 0.781250 0.305556
vt 0.812500 0.305556
vt 0.843750 0.305556
vt 0.875000 0.305556
vt 0.906250 0.305556
vt 0.937500 0.305556
vt 0.968750 0.305556
vt 1.000000 0.305556
vt 0.000000 0.333333
vt 0.031250 0.333333
vt 0.062500 0.333333
vt 0.093750 0.333333
vt 0.125000 0.333333
vt 0.156250 0.333333
vt 0.187500 0.333333
vt 0.218750 0.333333
vt 0.250000 0.333333
vt 0.281250 0.333333
vt 0.312500 0.333333
vt 0.343750 0.333333
vt 0.375000 0.333333
vt 0.406250 0.333333
vt 0.437500 0.333333
vt 0.468750 0.333333
vt 0.500000 0.333333
vt 0.531250 0.333333
vt 0.562500 0.333333
vt 0.593750 0.333333
vt 0.625000 0.333333
vt 0.656250 0.333333
vt 0.687500 0.333333
vt 0.718750 0.333333
vt 0.750000 0.333333
vt 0.781250 0.333333
vt 0.812500 0.333333
vt 0.843750 0.333333
vt 0.875000 0.333333
vt 0.906250 0.333333
vt 0.937500 0.333333
vt 0.968750 0.333333
vt 1.000000 0.333333
vt 0.000000 0.361111
vt 0.031250 0.361111
vt 0.062500 0.361111
vt 0.093750 0.361111
vt 0.125000 0.361111
vt 0.156250 0.361111
vt 0.187500 0.361111
vt 0.218750 0.361111
vt 0.250000 0.361111
vt 0.281250 0.361111
vt 0.312500 0.361111
vt 0.343750 0.361111
vt 0.375000 0.361111
vt 0.406250 0.361111
vt 0.437500 0.361111
vt 0.468750 0.361111
vt 0.500000 0.361111
vt 0.531250 0.361111
vt 0.562500 0.361111
vt 0.593750 0.361111
vt 0.625000 0.361111
vt 0.656250 0.361111
vt 0.687500 0.361111
vt 0.718750 0.361111
vt 0.750000 0.361111
vt 0.781250 0.361111
vt 0.812500 0.361111
vt 0.843750 0.361111
vt 0.875000 0.361111
vt 0.906250 0.361111
vt 0.937500 0.361111
vt 0.968750 0.361111
vt 1.000000 0.361111
vt 0.000000 0.388889
vt 0.031250 0.388889
vt 0.062500 0.388889
vt 0.093750 0.388889
vt 0.125000 0.388889
vt 0.156250 0.388889
vt 0.187500 0.388889
vt 0.218750 0.388889
vt 0.250000 0.388889
vt 0.281250 0.388889
vt 0.312500 0.388889
vt 0.343750 0.388889
vt 0.375000 0.388889
vt 0.406250 0.388889
vt 0.437500 0.388889
vt 0.468750 0.388889
vt 0.500000 0.388889
vt 0.531250 0.388889
vt 0.562500 0.388889
vt 0.593750 0.388889
vt 0.625000 0.388889
vt 0.656250 0.388889
vt 0.687500 0.388889
vt 0.718750 0.388889
vt 0.750000 0.388889
vt 0.781250 0.388889
vt 0.812500 0.388889
vt 0.843750 0.388889
vt 0.875000 0.388889
vt 0.906250 0.388889
vt 0.937500 0.388889
vt 0.968750 0.388889
vt 1.000000 0.388889
vt 0.000000 0.416667
vt 0.031250 0.416667
vt 0.062500 0.416667
vt 0.093750 0.416667
vt 0.125000 0.416667
vt 0.156250 0.416667
vt 0.187500 0.416667
vt 0.218750 0.416667
vt 0.250000 0.416667
vt 0.281250 0.416667
vt 0.312500 0.416667
vt 0.343750 0.416667
vt 0.375000 0.416667
vt 0.406250 0.416667
vt 0.437500 0.416667
vt 0.468750 0.416667
vt 0.500000 0.416667
vt 0.531250 0.416667
vt 0.562500 0.416667
vt 0.593750 0.416667
vt 0.625000 0.416667
vt 0.656250 0.416667
vt 0.687500 0.416667
vt 0.718750 0.416667
vt 0.750000 0.416667
vt 0.781250 0.416667
vt 0.812500 0.416667
vt 0.843750 0.416667
vt 0.875000 0.416667
vt 0.906250 0.416667
vt 0.937500 0.416667
vt 0.968750 0.416667
vt 1.000000 0.416667
vt 0.000000 0.444444
vt 0.031250 0.444444
vt 0.062500 0.444444
vt 0.093750 0.444444
vt 0.125000 0.444444
vt 0.156250 0.444444
vt 0.187500 0.444444
vt 0.218750 0.444444
vt 0.250000 0.444444
vt 0.281250 0.444444
vt 0.312500 0.444444
vt 0.343750 0.444444
vt 0.375000 0.444444
vt 0.406250 0.444444
vt 0.437500 0.444444
vt 0.468750 0.444444
vt 0.500000 0.444444
vt 0.531250 0.444444
vt 0.562500 0.444444
vt 0.593750 0.444444
vt 0.625000 0.444444
vt 0.656250 0.444444
vt 0.687500 0.444444
vt 0.718750 0.444444
vt 0.750000 0.444444
vt 0.781250 0.444444
vt 0.812500 0.444444
vt 0.843750 0.444444
vt 0.875000 0.444444
vt 0.906250 0.444444
vt 0.937500 0.444444
vt 0.968750 0.444444
vt 1.000000 0.444444
vt 0.000000 0.472222
vt 0.031250 0.472222
vt 0.062500 0.472222
vt 0.093750 0.472222
vt 0.125000 0.472222
vt 0.156250 0.472222
vt 0.187500 0.472222
vt 0.218750 0.472222
vt 0.250000 0.472222
vt 0.281250 0.472222
vt 0.312500 0.472222
vt 0.343750 0.472222
vt 0.375000 0.472222
vt 0.406250 0.472222
vt 0.437500 0.472222
vt 0.468750 0.472222
vt 0.500000 0.472222
vt 0.531250 0.472222
vt 0.562500 0.472222
vt 0.593750 0.472222
vt 0.625000 0.472222
vt 0.656250 0.472222
vt 0.687500 0.472222
vt 0.718750 0.472222
vt 0.750000 0.472222
vt 0.781250 0.472222
vt 0.812500 0.472222
vt 0.843750 0.472222
vt 0.875000 0.472222
vt 0.906250 0.472222
vt 0.937500 0.472222
vt 0.968750 0.472222
vt 1.000000 0.472222
vt 0.000000 0.500000
vt 0.031250 0.500000
vt 0.062500 0.500000
vt 0.093750 0.500000
vt 0.125000 0.500000
vt 0.156250 0.500000
vt 0.187500 0.500000
vt 0.218750 0.500000
vt 0.250000 0.500000
vt 0.281250 0.500000
vt 0.312500 0.500000
vt 0.343750 0.500000
vt 0.375000 0.500000
vt 0.406250 0.500000
vt 0.437500 0.500000
vt 0.468750 0.500000
vt 0.500000 0.500000
vt 0.531250 0.500000
vt 0.562500 0.500000
vt 0.593750 0.500000
vt 0.625000 0.500000
vt 0.656250 0.500000
vt 0.687500 0.500000
vt 0.718750 0.500000
vt 0.750000 0.500000
vt 0.781250 0.500000
vt 0.812500 0.500000
vt 0.843750 0.500000
vt 0.875000 0.500000
vt 0.906250 0.500000
vt 0.937500 0.500000
vt 0.968750 0.500000
vt 1.000000 0.500000
vt 0.000000 0.527778
vt 0.031250 0.527778
vt 0.062500 0.527778
vt 0.093750 0.527778
vt 0.125000 0.527778
vt 0.156250 0.527778
vt 0.187500 0.527778
vt 0.218750 0.527778
vt 0.250000 0.527778
vt 0.281250 0.527778
vt 0.312500 0.527778
vt 0.343750 0.527778
vt 0.375000 0.527778
vt 0.406250 0.527778
vt 0.437500 0.527778
vt 0.468750 0.527778
vt 0.500000 0.527778
vt 0.531250 0.527778
vt 0.562500 0.527778
vt 0.593750 0.527778
vt 0.625000 0.527778
vt 0.656250 0.527778
vt 0.687500 0.527778
vt 0.718750 0.527778
vt 0.750000 0.527778
vt 0.781250 0.527778
vt 0.812500 0.527778
vt 0.843750 0.527778
vt 0.875000 0.527778
vt 0.906250 0.527778
vt 0.937500 0.527778
vt 0.968750 0.527778
vt 1.000000 0.527778
vt 0.000000 0.555556
vt 0.031250 0.555556
vt 0.062500 0.555556
vt 0.093750 0.555556
vt 0.125000 0.555556
vt 0.156250 0.555556
vt 0.187500 0.555556
vt 0.218750 0.555556
vt 0.250000 0.555556
vt 0.281250 0.555556
vt 0.312500 0.555556
vt 0.343750 0.555556
vt 0.375000 0.555556
vt 0.406250 0.555556
vt 0.437500 0.555556
vt 0.468750 0.555556
vt 0.500000 0.555556
vt 0.531250 0.555556
vt 0.562500 0.555556
vt 0.593750 0.555556
vt 0.625000 0.555556
vt 0.656250 0.555556
vt 0.687500 0.555556
vt 0.718750 0.555556
vt 0.750000 0.555556
vt 0.781250 0.555556
vt 0.812500 0.555556
vt 0.843750 0.555556
vt 0.875000 0.555556
vt 0.906250 0.555556
vt 0.937500 0.555556
vt 0.968750 0.555556
vt 1.000000 0.555556
vt 0.000000 0.583333
vt 0.031250 0.583333
vt 0.062500 0.583333
vt 0.093750 0.583333
vt 0.125000 0.583333
vt 0.156250 0.583333
vt 0.187500 0.583333
vt 0.218750 0.583333
vt 0.250000 0.583333
vt 0.281250 0.583333
vt 0.312500 0.583333
vt 0.343750 0.583333
vt 0.375000 0.583333
vt 0.406250 0.583333
vt 0.437500 0.583333
vt 0.468750 0.583333
vt 0.500000 0.583333
vt 0.531250 0.583333
vt 0.562500 0.583333
vt 0.593750 0.583333
vt 0.625000 0.583333
vt 0.656250 0.583333
vt 0.687500 0.583333
vt 0.718750 0.583333
vt 0.750000 0.583333
vt 0.781250 0.583333
vt 0.812500 0.583333
vt 0.843750 0.583333
vt 0.875000 0.583333
vt 0.906250 0.583333
vt 0.937500 0.583333
vt 0.968750 0.583333
vt 1.000000 0.583333
vt 0.000000 0.611111
vt 0.031250 0.611111
vt 0.062500 0.611111
vt 0.093750 0.611111
vt 0.125000 0.611111
vt 0.156250 0.611111
vt 0.187500 0.611111
vt 0.218750 0.611111
vt 0.250000 0.611111
vt 0.281250 0.611111
vt 0.312500 0.611111
vt 0.343750 0.611111
vt 0.375000 0.611111
vt 0.406250 0.611111
vt 0.437500 0.611111
vt 0.468750 0.611111
vt 0.500000 0.611111
vt 0.531250 0.611111
vt 0.562500 0.611111
vt 0.593750 0.611111
vt 0.625000 0.611111
vt 0.656250 0.611111
vt 0.687500 0.611111
vt 0.718750 0.611111
vt 0.750000 0.611111
vt 0.781250 0.611111
vt 0.812500 0.611111
vt 0.843750 0.611111
vt 0.875000 0.611111
vt 0.906250 0.611111
vt 0.937500 0.611111
vt 0.968750 0.611111
vt 1.000000 0.611111
vt 0.000000 0.638889
vt 0.031250 0.638889
vt 0.062500 0.638889
vt 0.093750 0.638889
vt 0.125000 0.638889
vt 0.156250 0.638889
vt 0.187500 0.638889
vt 0.218750 0.638889
vt 0.250000 0.638889
vt 0.281250 0.638889
vt 0.312500 0.638889
vt 0.343750 0.638889
vt 0.375000 0.638889
vt 0.406250 0.638889
vt 0.437500 0.638889
vt 0.468750 0.638889
vt 0.500000 0.638889
vt 0.531250 0.638889
vt 0.562500 0.638889
vt 0.593750 0.638889
vt 0.625000 0.638889
vt 0.656250 0.638889
vt 0.687500 0.638889
vt 0.718750 0.638889
vt 0.750000 0.638889
vt 0.781250 0.638889
vt 0.812500 0.638889
vt 0.843750 0.638889
vt 0.875000 0.638889
vt 0.906250 0.638889
vt 0.937500 0.638889
vt 0.968750 0.638889
vt 1.000000 0.638889
vt 0.000000 0.666667
vt 0.031250 0.666667
vt 0.062500 0.666667
vt 0.093750 0.666667
vt 0.125000 0.666667
vt 0.156250 0.666667
vt 0.187500 0.666667
vt 0.218750 0.666667
vt 0.250000 0.666667
vt 0.281250 0.666667
vt 0.312500 0.666667
vt 0.343750 0.666667
vt 0.375000 0.666667
vt 0.406250 0.666667
vt 0.437500 0.666667
vt 0.468750 0.666667
vt 0.500000 0.666667
vt 0.531250 0.666667
vt 0.562500 0.666667
vt 0.593750 0.666667
vt 0.625000 0.666667
vt 0.656250 0.666667
vt 0.687500 0.666667
vt 0.718750 0.666667
vt 0.750000 0.666667
vt 0.781250 0.666667
vt 0.812500 0.666667
vt 0.843750 0.666667
vt 0.875000 0.666667
vt 0.906250 0.666667
vt 0.937500 0.666667
vt 0.968750 0.666667
vt 1.000000 0.666667
vt 0.000000 0.694444
vt 0.031250 0.694444
vt 0.062500 0.694444
vt 0.093750 0.694444
vt 0.125000 0.694444
vt 0.156250 0.694444
vt 0.187500 0.694444
vt 0.218750 0.694444
vt 0.250000 0.694444
vt 0.281250 0.694444
vt 0.312500 0.694444
vt 0.343750 0.694444
vt 0.375000 0.694444
vt 0.406250 0.694444
vt 0.437500 0.694444
vt 0.468750 0.694444
vt 0.500000 0.694444
vt 0.531250 0.694444
vt 0.562500 0.694444
vt 0.593750 0.694444
vt 0.625000 0.694444
vt 0.656250 0.694444
vt 0.687500 0.694444
vt 0.718750 0.694444
vt 0.750000 0.694444
vt 0.781250 0.694444
vt 0.812500 0.694444
vt 0.843750 0.694444
vt 0.875000 0.694444
vt 0.906250 0.694444
vt 0.937500 0.694444
vt 0.968750 0.694444
vt 1.000000 0.694444
vt 0.000000 0.722222
vt 0.031250 0.722222
vt 0.062500 0.722222
vt 0.093750 0.722222
vt 0.125000 0.722222
vt 0.156250 0.722222
vt 0.187500 0.722222
vt 0.218750 0.722222
vt 0.250000 0.722222
vt 0.281250 0.722222
vt 0.312500 0.722222
vt 0.343750 0.722222
vt 0.375000 0.722222
vt 0.406250 0.722222
vt 0.437500 0.722222
vt 0.468750 0.722222
vt 0.500000 0.722222
vt 0.531250 0.722222
vt 0.562500 0.722222
vt 0.593750 0.722222
vt 0.625000 0.722222
vt 0.656250 0.722222
vt 0.687500 0.722222
vt 0.718750 0.722222
vt 0.750000 0.722222
vt 0.781250 0.722222
vt 0.812500 0.722222
vt 0.843750 0.722222
vt 0.875000 0.722222
vt 0.906250 0.722222
vt 0.937500 0.722222
vt 0.968750 0.722222
vt 1.000000 0.722222
vt 0.000000 0.750000
vt 0.031250 0.750000
vt 0.062500 0.750000
vt 0.093750 0.750000
vt 0.125000 0.750000
vt 0.156250 0.750000
vt 0.187500 0.750000
vt 0.218750 0.750000
vt 0.250000 0.750000
vt 0.281250 0.750000
vt 0.312500 0.750000
vt 0.343750 0.750000
vt 0.375000 0.750000
vt 0.406250 0.750000
vt 0.437500 0.750000
vt 0.468750 0.750000
vt 0.500000 0.750000
vt 0.531250 0.750000
vt 0.562500 0.750000
vt 0.593750 0.750000
vt 0.625000 0.750000
vt 0.656250 0.750000
vt 0.687500 0.750000
vt 0.718750 0.750000
vt 0.750000 0.750000
vt 0.781250 0.750000
vt 0.812500 0.750000
vt 0.843750 0.750000
vt 0.875000 0.750000
vt 0.906250 0.750000
vt 0.937500 0.750000
vt 0.968750 0.750000
vt 1.000000 0.750000
vt 0.000000 0.777778
vt 0.031250 0.777778
vt 0.062500 0.777778
vt 0.093750 0.777778
vt 0.125000 0.777778
vt 0.156250 0.777778
vt 0.187500 0.777778
vt 0.218750 0.777778
vt 0.250000 0.777778
vt 0.281250 0.777778
vt 0.312500 0.777778
vt 0.343750 0.777778
vt 0.375000 0.777778
vt 0.406250 0.777778
vt 0.437500 0.777778
vt 0.468750 0.777778
vt 0.500000 0.777778
vt 0.531250 0.777778
vt 0.562500 0.777778
vt 0.593750 0.777778
vt 0.625000 0.777778
vt 0.656250 0.777778
vt 0.687500 0.777778
vt 0.718750 0.777778
vt 0.750000 0.777778
vt 0.781250 0.777778
vt 0.812500 0.777778
vt 0.843750 0.777778
vt 0.875000 0.777778
vt 0.906250 0.777778
vt 0.937500 0.777778
vt 0.968750 0.777778
vt 1.000000 0.777778
vt 0.000000 0.805556
vt 0.031250 0.805556
vt 0.062500 0.805556
vt 0.093750 0.805556
vt 0.125000 0.805556
vt 0.156250 0.805556
vt 0.187500 0.805556
vt 0.218750 0.805556
vt 0.250000 0.805556
vt 0.281250 0.805556
vt 0.312500 0.805556
vt 0.343750 0.805556
vt 0.375000 0.805556
vt 0.406250 0.805556
vt 0.437500 0.805556
vt 0.468750 0.805556
vt 0.500000 0.805556
vt 0.531250 0.805556
vt 0.562500 0.805556
vt 0.593750 0.805556
vt 0.625000 0.805556
vt 0.656250 0.805556
vt 0.687500 0.805556
vt 0.718750 0.805556
vt 0.750000 0.805556
vt 0.781250 0.805556
vt 0.812500 0.805556
vt 0.843750 0.805556
vt 0.875000 0.805556
vt 0.906250 0.805556
vt 0.937500 0.805556
vt 0.968750 0.805556
vt 1.000000 0.805556
vt 0.000000 0.833333
vt 0.031250 0.833333
vt 0.062500 0.833333
vt 0.093750 0.833333
vt 0.125000 0.833333
vt 0.156250 0.833333
vt 0.187500 0.833333
vt 0.218750 0.833333
vt 0.250000 0.833333
vt 0.281250 0.833333
vt 0.312500 0.833333
vt 0.343750 0.833333
vt 0.375000 0.833333
vt 0.406250 0.833333
vt 0.437500 0.833333
vt 0.468750 0.833333
vt 0.500000 0.833333
vt 0.531250 0.833333
vt 0.562500 0.833333
vt 0.593750 0.833333
vt 0.625000 0.833333
vt 0.656250 0.833333
vt 0.687500 0.833333
vt 0.718750 0.833333
vt 0.750000 0.833333
vt 0.781250 0.833333
vt 0.812500 0.833333
vt 0.843750 0.833333
vt 0.875000 0.833333
vt 0.906250 0.833333
vt 0.937500 0.833333
vt 0.968750 0.833333
vt 1.000000 0.833333
vt 0.000000 0.861111
vt 0.031250 0.861111
vt 0.062500 0.861111
vt 0.093750 0.861111
vt 0.125000 0.861111
vt 0.156250 0.861111
vt 0.187500 0.861111
vt 0.218750 0.861111
vt 0.250000 0.861111
vt 0.281250 0.861111
vt 0.312500 0.861111
vt 0.343750 0.861111
vt 0.375000 0.861111
vt 0.406250 0.861111
vt 0.437500 0.861111
vt 0.468750 0.861111
vt 0.500000 0.861111
vt 0.531250 0.861111
vt 0.562500 0.861111
vt 0.593750 0.861111
vt 0.625000 0.861111
vt 0.656250 0.861111
vt 0.687500 0.861111
vt 0.718750 0.861111
vt 0.750000 0.861111
vt 0.781250 0.861111
vt 0.812500 0.861111
vt 0.843750 0.861111
vt 0.875000 0.861111
vt 0.906250 0.861111
vt 0.937500 0.861111
vt 0.968750 0.861111
vt 1.000000 0.861111
vt 0.000000 0.888889
vt 0.031250 0.888889
vt 0.062500 0.888889
vt 0.093750 0.888889
vt 0.125000 0.888889
vt 0.156250 0.888889
vt 0.187500 0.888889
vt 0.218750 0.888889
vt 0.250000 0.888889
vt 0.281250 0.888889
vt 0.312500 0.888889
vt 0.343750 0.888889
vt 0.375000 0.888889
vt 0.406250 0.888889
vt 0.437500 0.888889
vt 0.468750 0.888889
vt 0.500000 0.888889
vt 0.531250 0.888889
vt 0.562500 0.888889
vt 0.593750 0.888889
vt 0.625000 0.888889
vt 0.656250 0.888889
vt 0.687500 0.888889
vt 0.718750 0.888889
vt 0.750000 0.888889
vt 0.781250 0.888889
vt 0.812500 0.888889
vt 0.843750 0.888889
vt 0.875000 0.888889
vt 0.906250 0.888889
vt 0.937500 0.888889
vt 0.968750 0.888889
vt 1.000000 0.888889
vt 0.000000 0.916667
vt 0.031250 0.916667
vt 0.062500 0.916667
vt 0.093750 0.916667
vt 0.125000 0.916667
vt 0.156250 0.916667
vt 0.187500 0.916667
vt 0.218750 0.916667
vt 0.250000 0.916667
vt 0.281250 0.916667
vt 0.312500 0.916667
vt 0.343750 0.916667
vt 0.375000 0.916667
vt 0.406250 0.916667
vt 0.437500 0.916667
vt 0.468750 0.916667
vt 0.500000 0.916667
vt 0.531250 0.916667
vt 0.562500 0.916667
vt 0.593750 0.916667
vt 0.625000 0.916667
vt 0.656250 0.916667
vt 0.687500 0.916667
vt 0.718750 0.916667
vt 0.750000 0.916667
vt 0.781250 0.916667
vt 0.812500 0.916667
vt 0.843750 0.916667
vt 0.875000 0.916667
vt 0.906250 0.916667
vt 0.937500 0.916667
vt 0.968750 0.916667
vt 1.000000 0.916667
vt 0.000000 0.944444
vt 0.031250 0.944444
vt 0.062500 0.944444
vt 0.093750 0.944444
vt 0.125000 0.944444
vt 0.156250 0.944444
vt 0.187500 0.944444
vt 0.218750 0.944444
vt 0.250000 0.944444
vt 0.281250 0.944444
vt 0.312500 0.944444
vt 0.343750 0.944444
vt 0.375000 0.944444
vt 0.406250 0.944444
vt 0.437500 0.944444
vt 0.468750 0.944444
vt 0.500000 0.944444
vt 0.531250 0.944444
vt 0.562500 0.944444
vt 0.593750 0.944444
vt 0.625000 0.944444
vt 0.656250 0.944444
vt 0.687500 0.944444
vt 0.718750 0.944444
vt 0.750000 0.944444
vt 0.781250 0.944444
vt 0.812500 0.944444
vt 0.843750 0.944444
vt 0.875000 0.944444
vt 0.906250 0.944444
vt 0.937500 0.944444
vt 0.968750 0.944444
vt 1.000000 0.944444
vt 0.000000 0.972222
vt 0.031250 0.972222
vt 0.062500 0.972222
vt 0.093750 0.972222
vt 0.125000 0.972222
vt 0.156250 0.972222
vt 0.187500 0.972222
vt 0.218750 0.972222
vt 0.250000 0.972222
vt 0.281250 0.972222
vt 0.312500 0.972222
vt 0.343750 0.972222
vt 0.375000 0.972222
vt 0.406250 0.972222
vt 0.437500 0.972222
vt 0.468750 0.972222
vt 0.500000 0.972222
vt 0.531250 0.972222
vt 0.562500 0.972222
vt 0.593750 0.972222
vt 0.625000 0.972222
vt 0.656250 0.972222
vt 0.687500 0.972222
vt 0.718750 0.972222
vt 0.750000 0.972222
vt 0.781250 0.972222
vt 0.812500 0.972222
vt 0.843750 0.972222
vt 0.875000 0.972222
vt 0.906250 0.972222
vt 0.937500 0.972222
vt 0.968750 0.972222
vt 1.000000 0.972222
vt 0.000000 1.000000
vt 0.031250 1.000000
vt 0.062500 1.000000
vt 0.093750 1.000000
vt 0.125000 1.000000
vt 0.156250 1.000000
vt 0.187500 1.000000
vt 0.218750 1.000000
vt 0.250000 1.000000
vt 0.281250 1.000000
vt 0.312500 1.000000
vt 0.343750 1.000000
vt 0.375000 1.000000
vt 0.406250 1.000000
vt 0.437500 1.000000
vt 0.468750 1.000000
vt 0.500000 1.000000
vt 0.531250 1.000000
vt 0.562500 1.000000
vt 0.593750 1.000000
vt 0.625000 1.000000
vt 0.656250 1.000000
vt 0.687500 1.000000
vt 0.718750 1.000000
vt 0.750000 1.000000
vt 0.781250 1.000000
vt 0.812500 1.000000
vt 0.843750 1.000000
vt 0.875000 1.000000
vt 0.906250 1.000000
vt 0.937500 1.000000
vt 0.968750 1.000000
vt 1.000000 1.000000
f 1/1 2/2 35/35 34/34
f 2/2 3/3 36/36 35/35
f 3/3 4/4 37/37 36/36
f 4/4 5/5 38/38 37/37
f 5/5 6/6 39/39 38/38
f 6/6 7/7 40/40 39/39
f 7/7 8/8 41/41 40/40
f 8/8 9/9 42/42 41/41
f 9/9 10/10 43/43 42/42
f 10/10 11/11 44/44 43/43
f 11/11 12/12 45/45 44/44
f 12/12 13/13 46/46 45/45
f 13/13 14/14 47/47 46/46
f 14/14 15/15 48/48 47/47
f 15/15 16/16 49/49 48/48
f 16/16 17/17 50/50 49/49
f 17/17 18/18 51/51 50/50
f 18/18 19/19 52/52 51/51
f 19/19 20/20 53/53 52/52
f 20/20 21/21 54/54 53/53
f 21/21 22/22 55/55 54/54
f 22/22 23/23 56/56 55/55
f 23/23 24/24 57/57 56/56
f 24/24 25/25 58/58 57/57
f 25/25 26/26 59/59 58/58
f 26/26 27/27 60/60 59/59
f 27/27 28/28 61/61 60/60
f 28/28 29/29 62/62 61/61
f 29/29 30/30 63/63 62/62
f 30/30 31/31 64/64 63/63
f 31/31 32/32 65/65 64/64
f 32/32 33/33 66/66 65/65
f 34/34 35/35 68/68 67/67
f 35/35 36/36 69/69 68/68
f 36/36 37/37 70/70 69/69
f 37/37 38/38 71/71 70/70
f 38/38 39/39 72/72 71/71
f 39/39 40/40 73/73 72/72
f 40/40 41/41 74/74 73/73
f 41/41 42/42 75/75 74/74
f 42/42 43/43 76/76 75/75
f 43/43 44/44 77/77 76/76
f 44/44 45/45 78/78 77/77
f 45/45 46/46 79/79 78/78
f 46/46 47/47 80/80 79/79
f 47/47 48/48 81/81 80/80
f 48/48 49/49 82/82 81/81
f 49/49 50/50 83/83 82/82
f 50/50 51/51 84/84 83/83
f 51/51 52/52 85/85 84/84
f 52/52 53/53 86/86 85/85
f 53/53 54/54 87/87 86/86
f 54/54 55/55 88/88 87/87
f 55/55 56/56 89/89 88/88
f 56/56 57/57 90/90 89/89
f 57/57 58/58 91/91 90/90
f 58/58 59/59 92/92 91/91
f 59/59 60/60 93/93 92/92
f 60/60 61/61 94/94 93/93
f 61/61 62/62 95/95 94/94
f 62/62 63/63 96/96 95/95
f 63/63 64/64 97/97 96/96
f 64/64 65/65 98/98 97/97
f 65/65 66/66 99/99 98/98
f 67/67 68/68 101/101 100/100
f 68/68 69/69 102/102 101/101
f 69/69 70/70 103/103 102/102
f 70/70 71/71 104/104 103/103
f 71/71 72/72 105/105 104/104
f 72/72 73/73 106/106 105/105
f 73/73 74/74 107/107 106/106
f 74/74 75/75 108/108 107/107
f 75/75 76/76 109/109 108/108
f 76/76 77/77 110/110 109/109
f 77/77 78/78 111/111 110/110
f 78/78 79/79 112/112 111/111
f 79/79 80/80 113/113 112/112
f 80/80 81/81 114/114 113/113
f 81/81 82/82 115/115 114/114
f 82/82 83/83 116/116 115/115
f 83/83 84/84 117/117 116/116
f 84/84 85/85 118/118 117/117
f 85/85 86/86 119/119 118/118
f 86/86 87/87 120/120 119/119
f 87/87 88/88 121/121 120/120
f 88/88 89/89 122/122 121/121
f 89/89 90/90 123/123 122/122
f 90/90 91/91 124/124 123/123
f 91/91 92/92 125/125 124/124
f 92/92 93/93 126/126 125/125
f 93/93 94/94 127/127 126/126
f 94/94 95/95 128/128 127/127
f 95/95 96/96 129/129 128/128
f 96/96 97/97 130/130 129/129
f 97/97 98/98 131/131 130/130
f 98/98 99/99 132/132 131/131
f 100/100 101/101 134/134 133/133
f 101/101 102/102 135/135 134/134
f 102/102 103/103 136/136 135/135
f 103/103 104/104 137/137 136/136
f 104/104 105/105 138/138 137/137
f 105/105 106/106 139/139 138/138
f 106/106 107/107 140/140 139/139
f 107/107 108/108 141/141 140/140
f 108/108 109/109 142/142 141/141
f 109/109 110/110 143/143 142/142
f 110/110 111/111 144/144 143/143
f 111/111 112/112 145/145 144/144
f 112/112 113/113 146/146 145/145
f 113/113 114/114 147/147 146/146
f 114/114 115/115 148/148 147/147
f 115/115 116/116 149/149 148/148
f 116/116 117/117 150/150 149/149
f 117/117 118/118 151/151 150/150
f 118/118 119/119 152/152 151/151
f 119/119 120/120 153/153 152/152
f 120/120 121/121 154/154 153/153
f 121/121 122/122 155/155 154/154
f 122/122 123/123 156/156 155/155
f 123/123 124/124 157/157 156/156
f 124/124 125/125 158/158 157/157
f 125/125 126/126 159/159 158/158
f 126/126 127/127 160/160 159/159
f 127/127 128/128 161/161 160/160
f 128/128 129/129 162/162 161/161
f 129/129 130/130 163/163 162/162
f 130/130 131/131 164/164 163/163
f 131/131 132/132 165/165 164/164
f 133/133 134/134 167/167 166/166
f 134/134 135/135 168/168 167/167
f 135/135 136/136 169/169 168/168
f 136/136 137/137 170/170 169/169
f 137/137 138/138 171/171 170/170
f 138/138 139/139 172/172 171/171
f 139/139 140/140 173/173 172/172
f 140/140 141/141 174/174 173/173
f 141/141 142/142 175/175 174/174
f 142/142 143/143 176/176 175/175
f 143/143 144/144 177/177 176/176
f 144/144 145/145 178/178 177/177
f 145/145 146/146 179/179 178/178
f 146/146 147/147 180/180 179/179
f 147/147 148/148 181/181 180/180
f 148/148 149/149 182/182 181/181
f 149/149 150/150 183/183 182/182
f 150/150 151/151 184/184 183/183
f 151/151 152/152 185/185 184/184
f 152/152 153/153 186/186 185/185
f 153/153 154/154 187/187 186/186
f 154/154 155/155 188/188 187/187
f 155/155 156/156 189/189 188/188
f 156/156 157/157 190/190 189/189
f 157/157 158/158 191/191 190/190
f 158/158 159/159 192/192 191/191
f 159/159 160/160 193/193 192/192
f 160/160 161/161 194/194 193/193
f 161/161 162/162 195/195 194/194
f 162/162 163/163 196/196 195/195
f 163/163 164/164 197/197 196/196
f 164/164 165/165 198/198 197/197
f 166/166 167/167 200/200 199/199
f 167/167 168/168 201/201 200/200
f 168/168 169/169 202/202 201/201
f 169/169 170/170 203/203 202/202
f 170/170 171/171 204/204 203/203
f 171/171 172/172 205/205 204/204
f 172/172 173/173 206/206 205/205
f 173/173 174/174 207/207 206/206
f 174/174 175/175 208/208 207/207
f 175/175 176/176 209/209 208/208
f 176/176 177/177 210/210 209/209
f 177/177 178/178 211/211 210/210
f 178/178 179/179 212/212 211/211
f 179/179 180/180 213/213 212/212
f 180/180 181/181 214/214 213/213
f 181/181 182/182 215/215 214/214
f 182/182 183/183 216/216 215/215
f 183/183 184/184 217/217 216/216
f 184/184 185/185 218/218 217/217
f 185/185 186/186 219/219 218/218
f 186/186 187/187 220/220 219/219
f 187/187 188/188 221/221 220/220
f 188/188 189/189 222/222 221/221
f 189/189 190/190 223/223 222/222
f 190/190 191/191 224/224 223/223
f 191/191 192/192 225/225 224/224
f 192/192 193/193 226/226 225/225
f 193/193 194/194 227/227 226/226
f 194/194 195/195 228/228 227/227
f 195/195 196/196 229/229 228/228
f 196/196 197/197 230/230 229/229
f 197/197 198/198 231/231 230/230
f 199/199 200/200 233/233 232/232
f 200/200 201/201 234/234 233/233
f 201/201 202/202 235/235 234/234
f 202/202 203/203 236/236 235/235
f 203/203 204/204 237/237 236/236
f 204/204 205/205 238/238 237/237
f 205/205 206/206 239/239 238/238
f 206/206 207/207 240/240 239/239
f 207/207 208/208 241/241 240/240
f 208/208 209/209 242/242 241/241
f 209/209 210/210 243/243 242/242
f 210/210 211/211 244/244 243/243
f 211/211 212/212 245/245 244/244
f 212/212 213/213 246/246 245/245
f 213/213 214/214 247/247 246/246
f 214/214 215/215 248/248 247/247
f 215/215 216/216 249/249 248/248
f 216/216 217/217 250/250 249/249
f 217/217 218/218 251/251 250/250
f 218/218 219/219 252/252 251/251
f 219/219 220/220 253/253 252/252
f 220/220 221/221 254/254 253/253
f 221/221 222/222 255/255 254/254
f 222/222 223/223 256/256 255/255
f 223/223 224/224 257/257 256/256
f 224/224 225/225 258/258 257/257
f 225/225 226/226 259/259 258/258
f 226/226 227/227 260/260 259/259
f 227/227 228/228 261/261 260/260
f 228/228 229/229 262/262 261/261
f 229/229 230/230 263/263 262/262
f 230/230 231/231 264/264 263/263
f 232/232 233/233 266/266 265/265
f 233/233 234/234 267/267 266/266
f 234/234 235/235 268/268 267/267
f 235/235 236/236 269/269 268/268
f 236/236 237/237 270/270 269/269
f 237/237 238/238 271/271 270/270
f 238/238 239/239 272/272 271/271
f 239/239 240/240 273/273 272/272
f 240/240 241/241 274/274 273/273
f 241/241 242/242 275/275 274/274
f 242/242 243/243 276/276 275/275
f 243/243 244/244 277/277 276/276
f 244/244 245/245 278/278 277/277
f 245/245 246/246 279/279 278/278
f 246/246 247/247 280/280 279/279
f 247/247 248/248 281/281 280/280
f 248/248 249/249 282/282 281/281
f 249/249 250/250 283/283 282/282
f 250/250 251/251 284/284 283/283
f 251/251 252/252 285/285 284/284
f 252/252 253/253 286/286 285/285
f 253/253 254/254 287/287 286/286
f 254/254 255/255 288/288 287/287
f 255/255 256/256 289/289 288/288
f 256/256 257/257 290/290 289/289
f 257/257 258/258 291/291 290/290
f 258/258 259/259 292/292 291/291
f 259/259 260/260 293/293 292/292
f 260/260 261/261 294/294 293/293
f 261/261 262/262 295/295 294/294
f 262/262 263/263 296/296 295/295
f 263/263 264/264 297/297 296/296
f 265/265 266/266 299/299 298/298
f 266/266 267/267 300/300 299/299
f 267/267 268/268 301/301 300/300
f 268/268 269/269 302/302 301/301
f 269/269 270/270 303/303 302/302
f 270/270 271/271 304/304 303/303
f 271/271 272/272 305/305 304/304
f 272/272 273/273 306/306 305/305
f 273/273 274/274 307/307 306/306
f 274/274 275/275 308/308 307/307
f 275/275 276/276 309/309 308/308
f 276/276 277/277 310/310 309/309
f 277/277 278/278 311/311 310/310
f 278/278 279/279 312/312 311/311
f 279/279 280/280 313/313 312/312
f 280/280 281/281 314/314 313/313
f 281/281 282/282 315/315 314/314
f 282/282 283/283 316/316 315/315
f 283/283 284/284 317/317 316/316
f 284/284 285/285 318/318 317/317
f 285/285 286/286 319/319 318/318
f 286/286 287/287 320/320 319/319
f 287/287 288/288 321/321 320/320
f 288/288 289/289 322/322 321/321
f 289/289 290/290 323/323 322/322
f 290/290 291/291 324/324 323/323
f 291/291 292/292 325/325 324/324
f 292/292 293/293 326/326 325/325
f 293/293 294/294 327/327 326/326
f 294/294 295/295 328/328 327/327
f 295/295 296/296 329/329 328/328
f 296/296 297/297 330/330 329/329
f 298/298 299/299 332/332 331/331
f 299/299 300/300 333/333 332/332
f 300/300 301/301 334/334 333/333
f 301/301 302/302 335/335 334/334
f 302/302 303/303 336/336 335/335
f 303/303 304/304 337/337 336/336
f 304/304 305/305 338/338 337/337
f 305/305 306/306 339/339 338/338
f 306/306 307/307 340/340 339/339
f 307/307 308/308 341/341 340/340
f 308/308 309/309 342/342 341/341
f 309/309 310/310 343/343 342/342
f 310/310 311/311 344/344 343/343
f 311/311 312/312 345/345 344/344
f 312/312 313/313 346/346 345/345
f 313/313 314/314 347/347 346/346
f 314/314 315/315 348/348 347/347
f 315/315 316/316 349/349 348/348
f 316/316 317/317 350/350 349/349
f 317/317 318/318 351/351 350/350
f 318/318 319/319 352/352 351/351
f 319/319 320/320 353/353 352/352
f 320/320 321/321 354/354 353/353
f 321/321 322/322 355/355 354/354
f 322/322 323/323 356/356 355/355
f 323/323 324/324 357/357 356/356
f 324/324 325/325 358/358 357/357
f 325/325 326/326 359/359 358/358
f 326/326 327/327 360/360 359/359
f 327/327 328/328 361/361 360/360
f 328/328 329/329 362/362 361/361
f 329/329 330/330 363/363 362/362
f 331/331 332/332 365/365 364/364
f 332/332 333/333 366/366 365/365
f 333/333 334/334 367/367 366/366
f 334/334 335/335 368/368 367/367
f 335/335 336/336 369/369 368/368
f 336/336 337/337 370/370 369/369
f 337/337 338/338 371/371 370/370
f 338/338 339/339 372/372 371/371
f 339/339 340/340 373/373 372/372
f 340/340 341/341 374/374 373/373
f 341/341 342/342 375/375 374/374
f 342/342 343/343 376/376 375/375
f 343/343 344/344 377/377 376/376
f 344/344 345/345 378/378 377/377
f 345/345 346/346 379/379 378/378
f 346/346 347/347 380/380 379/379
f 347/347 348/348 381/381 380/380
f 348/348 349/349 382/382 381/381
f 349/349 350/350 383/383 382/382
f 350/350 351/351 384/384 383/383
f 351/351 352/352 385/385 384/384
f 352/352 353/353 386/386 385/385
f 353/353 354/354 387/387 386/386
f 354/354 355/355 388/388 387/387
f 355/355 356/356 389/389 388/388
f 356/356 357/357 390/390 389/389
f 357/357 358/358 391/391 390/390
f 358/358 359/359 392/392 391/391
f 359/359 360/360 393/393 392/392
f 360/360 361/361 394/394 393/393
f 361/361 362/362 395/395 394/394
f 362/362 363/363 396/396 395/395
f 364/364 365/365 398/398 397/397
f 365/365 366/366 399/399 398/398
f 366/366 367/367 400/400 399/399
f 367/367 368/368 401/401 400/400
f 368/368 369/369 402/402 401/401
f 369/369 370/370 403/403 402/402
f 370/370 371/371 404/404 403/403
f 371/371 372/372 405/405 404/404
f 372/372 373/373 406/406 405/405
f 373/373 374/374 407/407 406/406
f 374/374 375/375 408/408 407/407
f 375/375 376/376 409/409 408/408
f 376/376 377/377 410/410 409/409
f 377/377 378/378 411/411 410/410
f 378/378 379/379 412/412 411/411
f 379/379 380/380 413/413 412/412
f 380/380 381/381 414/414 413/413
f 381/381 382/382 415/415 414/414
f 382/382 383/383 416/416 415/415
f 383/383 384/384 417/417 416/416
f 384/384 385/385 418/418 417/417
f 385/385 386/386 419/419 418/418
f 386/386 387/387 420/420 419/419
f 387/387 388/388 421/421 420/420
f 388/388 389/389 422/422 421/421
f 389/389 390/390 423/423 422/422
f 390/390 391/391 424/424 423/423
f 391/391 392/392 425/425 424/424
f 392/392 393/393 426/426 425/425
f 393/393 394/394 427/427 426/426
f 394/394 395/395 428/428 427/427
f 395/395 396/396 429/429 428/428
f 397/397 398/398 431/431 430/430
f 398/398 399/399 432/432 431/431
f 399/399 400/400 433/433 432/432
f 400/400 401/401 434/434 433/433
f 401/401 402/402 435/435 434/434
f 402/402 403/403 436/436 435/435
f 403/403 404/404 437/437 436/436
f 404/404 405/405 438/438 437/437
f 405/405 406/406 439/439 438/438
f 406/406 407/407 440/440 439/439
f 407/407 408/408 441/441 440/440
f 408/408 409/409 442/442 441/441
f 409/409 410/410 443/443 442/442
f 410/410 411/411 444/444 443/443
f 411/411 412/412 445/445 444/444
f 412/412 413/413 446/446 445/445
f 413/413 414/414 447/447 446/446
f 414/414 415/415 448/448 447/447
f 415/415 416/416 449/449 448/448
f 416/416 417/417 450/450 449/449
f 417/417 418/418 451/451 450/450
f 418/418 419/419 452/452 451/451
f 419/419 420/420 453/453 452/452
f 420/420 421/421 454/454 453/453
f 421/421 422/422 455/455 454/454
f 422/422 423/423 456/456 455/455
f 423/423 424/424 457/457 456/456
f 424/424 425/425 458/458 457/457
f 425/425 426/426 459/459 458/458
f 426/426 427/427 460/460 459/459
f 427/427 428/428 461/461 460/460
f 428/428 429/429 462/462 461/461
f 430/430 431/431 464/464 463/463
f 431/431 432/432 465/465 464/464
f 432/432 433/433 466/466 465/465
f 433/433 434/434 467/467 466/466
f 434/434 435/435 468/468 467/467
f 435/435 436/436 469/469 468/468
f 436/436 437/437 470/470 469/469
f 437/437 438/438 471/471 470/470
f 438/438 439/439 472/472 471/471
f 439/439 440/440 473/473 472/472
f 440/440 441/441 474/474 473/473
f 441/441 442/442 475/475 474/474
f 442/442 443/443 476/476 475/475
f 443/443 444/444 477/477 476/476
f 444/444 445/445 478/478 477/477
f 445/445 446/446 479/479 478/478
f 446/446 447/447 480/480 479/479
f 447/447 448/448 481/481 480/480
f 448/448 449/449 482/482 481/481
f 449/449 450/450 483/483 482/482
f 450/450 451/451 484/484 483/483
f 451/451 452/452 485/485 484/484
f 452/452 453/453 486/486 485/485
f 453/453 454/454 487/487 486/486
f 454/454 455/455 488/488 487/487
f 455/455 456/456 489/489 488/488
f 456/456 457/457 490/490 489/489
f 457/457 458/458 491/491 490/490
f 458/458 459/459 492/492 491/491
f 459/459 460/460 493/493 492/492
f 460/460 461/461 494/494 493/493
f 461/461 462/462 495/495 494/494
f 463/463 464/464 497/497 496/496
f 464/464 465/465 498/498 497/497
f 465/465 466/466 499/499 498/498
f 466/466 467/467 500/500 499/499
f 467/467 468/468 501/501 500/500
f 468/468 469/469 502/502 501/501
f 469/469 470/470 503/503 502/502
f 470/470 471/471 504/504 503/503
f 471/471 472/472 505/505 504/504
f 472/472 473/473 506/506 505/505
f 473/473 474/474 507/507 506/506
f 474/474 475/475 508/508 507/507
f 475/475 476/476 509/509 508/508
f 476/476 477/477 510/510 509/509
f 477/477 478/478 511/511 510/510
f 478/478 479/479 512/512 511/511
f 479/479 480/480 513/513 512/512
f 480/480 481/481 514/514 513/513
f 481/481 482/482 515/515 514/514
f 482/482 483/483 516/516 515/515
f 483/483 484/484 517/517 516/516
f 484/484 485/485 518/518 517/517
f 485/485 486/486 519/519 518/518
f 486/486 487/487 520/520 519/519
f 487/487 488/488 521/521 520/520
f 488/488 489/489 522/522 521/521
f 489/489 490/490 523/523 522/522
f 490/490 491/491 524/524 523/523
f 491/491 492/492 525/525 524/524
f 492/492 493/493 526/526 525/525
f 493/493 494/494 527/527 526/526
f 494/494 495/495 528/528 527/527
f 496/496 497/497 530/530 529/529
f 497/497 498/498 531/531 530/530
f 498/498 499/499 532/532 531/531
f 499/499 500/500 533/533 532/532
f 500/500 501/501 534/534 533/533
f 501/501 502/502 535/535 534/534
f 502/502 503/503 536/536 535/535
f 503/503 504/504 537/537 536/536
f 504/504 505/505 538/538 537/537
f 505/505 506/506 539/539 538/538
f 506/506 507/507 540/540 539/539
f 507/507 508/508 541/541 540/540
f 508/508 509/509 542/542 541/541
f 509/509 510/510 543/543 542/542
f 510/510 511/511 544/544 543/543
f 511/511 512/512 545/545 544/544
f 512/512 513/513 546/546 545/545
f 513/513 514/514 547/547 546/546
f 514/514 515/515 548/548 547/547
f 515/515 516/516 549/549 548/548
f 516/516 517/517 550/550 549/549
f 517/517 518/518 551/551 550/550
f 518/518 519/519 552/552 551/551
f 519/519 520/520 553/553 552/552
f 520/520 521/521 554/554 553/553
f 521/521 522/522 555/555 554/554
f 522/522 523/523 556/556 555/555
f 523/523 524/524 557/557 556/556
f 524/524 525/525 558/558 557/557
f 525/525 526/526 559/559 558/558
f 526/526 527/527 560/560 559/559
f 527/527 528/528 561/561 560/560
f 529/529 530/530 563/563 562/562
f 530/530 531/531 564/564 563/563
f 531/531 532/532 565/565 564/564
f 532/532 533/533 566/566 565/565
f 533/533 534/534 567/567 566/566
f 534/534 535/535 568/568 567/567
f 535/535 536/536 569/569 568/568
f 536/536 537/537 570/570 569/569
f 537/537 538/538 571/571 570/570
f 538/538 539/539 572/572 571/571
f 539/539 540/540 573/573 572/572
f 540/540 541/541 574/574 573/573
f 541/541 542/542 575/575 574/574
f 542/542 543/543 576/576 575/575
f 543/543 544/544 577/577 576/576
f 544/544 545/545 578/578 577/577
f 545/545 546/546 579/579 578/578
f 546/546 547/547 580/580 579/579
f 547/547 548/548 581/581 580/580
f 548/548 549/549 582/582 581/581
f 549/549 550/550 583/583 582/582
f 550/550 551/551 584/584 583/583
f 551/551 552/552 585/585 584/584
f 552/552 553/553 586/586 585/585
f 553/553 554/554 587/587 586/586
f 554/554 555/555 588/588 587/587
f 555/555 556/556 589/589 588/588
f 556/556 557/557 590/590 589/589
f 557/557 558/558 591/591 590/590
f 558/558 559/559 592/592 591/591
f 559/559 560/560 593/593 592/592
f 560/560 561/561 594/594 593/593
f 562/562 563/563 596/596 595/595
f 563/563 564/564 597/597 596/596
f 564/564 565/565 598/598 597/597
f 565/565 566/566 599/599 598/598
f 566/566 567/567 600/600 599/599
f 567/567 568/568 601/601 600/600
f 568/568 569/569 602/602 601/601
f 569/569 570/570 603/603 602/602
f 570/570 571/571 604/604 603/603
f 571/571 572/572 605/605 604/604
f 572/572 573/573 606/606 605/605
f 573/573 574/574 607/607 606/606
f 574/574 575/575 608/608 607/607
f 575/575 576/576 609/609 608/608
f 576/576 577/577 610/610 609/609
f 577/577 578/578 611/611 610/610
f 578/578 579/579 612/612 611/611
f 579/579 580/580 613/613 612/612
f 580/580 581/581 614/614 613/613
f 581/581 582/582 615/615 614/614
f 582/582 583/583 616/616 615/615
f 583/583 584/584 617/617 616/616
f 584/584 585/585 618/618 617/617
f 585/585 586/586 619/619 618/618
f 586/586 587/587 620/620 619/619
f 587/587 588/588 621/621 620/620
f 588/588 589/589 622/622 621/621
f 589/589 590/590 623/623 622/622
f 590/590 591/591 624/624 623/623
f 591/591 592/592 625/625 624/624
f 592/592 593/593 626/626 625/625
f 593/593 594/594 627/627 626/626
f 595/595 596/596 629/629 628/628
f 596/596 597/597 630/630 629/629
f 597/597 598/598 631/631 630/630
f 598/598 599/599 632/632 631/631
f 599/599 600/600 633/633 632/632
f 600/600 601/601 634/634 633/633
f 601/601 602/602 635/635 634/634
f 602/602 603/603 636/636 635/635
f 603/603 604/604 637/637 636/636
f 604/604 605/605 638/638 637/637
f 605/605 606/606 639/639 638/638
f 606/606 607/607 640/640 639/639
f 607/607 608/608 641/641 640/640
f 608/608 609/609 642/642 641/641
f 609/609 610/610 643/643 642/642
f 610/610 611/611 644/644 643/643
f 611/611 612/612 645/645 644/644
f 612/612 613/613 646/646 645/645
f 613/613 614/614 647/647 646/646
f 614/614 615/615 648/648 647/647
f 615/615 616/616 649/649 648/648
f 616/616 617/617 650/650 649/649
f 617/617 618/618 651/651 650/650
f 618/618 619/619 652/652 651/651
f 619/619 620/620 653/653 652/652
f 620/620 621/621 654/654 653/653
f 621/621 622/622 655/655 654/654
f 622/622 623/623 656/656 655/655
f 623/623 624/624 657/657 656/656
f 624/624 625/625 658/658 657/657
f 625/625 626/626 659/659 658/658
f 626/626 627/627 660/660 659/659
f 628/628 629/629 662/662 661/661
f 629/629 630/630 663/663 662/662
f 630/630 631/631 664/664 663/663
f 631/631 632/632 665/665 664/664
f 632/632 633/633 666/666 665/665
f 633/633 634/634 667/667 666/666
f 634/634 635/635 668/668 667/667
f 635/635 636/636 669/669 668/668
f 636/636 637/637 670/670 669/669
f 637/637 638/638 671/671 670/670
f 638/638 639/639 672/672 671/671
f 639/639 640/640 673/673 672/672
f 640/640 641/641 674/674 673/673
f 641/641 642/642 675/675 674/674
f 642/642 643/643 676/676 675/675
f 643/643 644/644 677/677 676/676
f 644/644 645/645 678/678 677/677
f 645/645 646/646 679/679 678/678
f 646/646 647/647 680/680 679/679
f 647/647 648/648 681/681 680/680
f 648/648 649/649 682/682 681/681
f 649/649 650/650 683/683 682/682
f 650/650 651/651 684/684 683/683
f 651/651 652/652 685/685 684/684
f 652/652 653/653 686/686 685/685
f 653/653 654/654 687/687 686/686
f 654/654 655/655 688/688 687/687
f 655/655 656/656 689/689 688/688
f 656/656 657/657 690/690 689/689
f 657/657 658/658 691/691 690/690
f 658/658 659/659 692/692 691/691
f 659/659 660/660 693/693 692/692
f 661/661 662/662 695/695 694/694
f 662/662 663/663 696/696 695/695
f 663/663 664/664 697/697 696/696
f 664/664 665/665 698/698 697/697
f 665/665 666/666 699/699 698/698
f 666/666 667/667 700/700 699/699
f 667/667 668/668 701/701 700/700
f 668/668 669/669 702/702 701/701
f 669/669 670/670 703/703 702/702
f 670/670 671/671 704/704 703/703
f 671/671 672/672 705/705 704/704
f 672/672 673/673 706/706 705/705
f 673/673 674/674 707/707 706/706
f 674/674 675/675 708/708 707/707
f 675/675 676/676 709/709 708/708
f 676/676 677/677 710/710 709/709
f 677/677 678/678 711/711 710/710
f 678/678 679/679 712/712 711/711
f 679/679 680/680 713/713 712/712
f 680/680 681/681 714/714 713/713
f 681/681 682/682 715/715 714/714
f 682/682 683/683 716/716 715/715
f 683/683 684/684 717/717 716/716
f 684/684 685/685 718/718 717/717
f 685/685 686/686 719/719 718/718
f 686/686 687/687 720/720 719/719
f 687/687 688/688 721/721 720/720
f 688/688 689/689 722/722 721/721
f 689/689 690/690 723/723 722/722
f 690/690 691/691 724/724 723/723
f 691/691 692/692 725/725 724/724
f 692/692 693/693 726/726 725/725
f 694/694 695/695 728/728 727/727
f 695/695 696/696 729/729 728/728
f 696/696 697/697 730/730 729/729
f 697/697 698/698 731/731 730/730
f 698/698 699/699 732/732 731/731
f 699/699 700/700 733/733 732/732
f 700/700 701/701 734/734 733/733
f 701/701 702/702 735/735 734/734
f 702/702 703/703 736/736 735/735
f 703/703 704/704 737/737 736/736
f 704/704 705/705 738/738 737/737
f 705/705 706/706 739/739 738/738
f 706/706 707/707 740/740 739/739
f 707/707 708/708 741/741 740/740
f 708/708 709/709 742/742 741/741
f 709/709 710/710 743/743 742/742
f 710/710 711/711 744/744 743/743
f 711/711 712/712 745/745 744/744
f 712/712 713/713 746/746 745/745
f 713/713 714/714 747/747 746/746
f 714/714 715/715 748/748 747/747
f 715/715 716/716 749/749 748/748
f 716/716 717/717 750/750 749/749
f 717/717 718/718 751/751 750/750
f 718/718 719/719 752/752 751/751
f 719/719 720/720 753/753 752/752
f 720/720 721/721 754/754 753/753
f 721/721 722/722 755/755 754/754
f 722/722 723/723 756/756 755/755
f 723/723 724/724 757/757 756/756
f 724/724 725/725 758/758 757/757
f 725/725 726/726 759/759 758/758
f 727/727 728/728 761/761 760/760
f 728/728 729/729 762/762 761/761
f 729/729 730/730 763/763 762/762
f 730/730 731/731 764/764 763/763
f 731/731 732/732 765/765 764/764
f 732/732 733/733 766/766 765/765
f 733/733 734/734 767/767 766/766
f 734/734 735/735 768/768 767/767
f 735/735 736/736 769/769 768/768
f 736/736 737/737 770/770 769/769
f 737/737 738/738 771/771 770/770
f 738/738 739/739 772/772 771/771
f 739/739 740/740 773/773 772/772
f 740/740 741/741 774/774 773/773
f 741/741 742/742 775/775 774/774
f 742/742 743/743 776/776 775/775
f 743/743 744/744 777/777 776/776
f 744/744 745/745 778/778 777/777
f 745/745 746/746 779/779 778/778
f 746/746 747/747 780/780 779/779
f 747/747 748/748 781/781 780/780
f 748/748 749/749 782/782 781/781
f 749/749 750/750 783/783 782/782
f 750/750 751/751 784/784 783/783
f 751/751 752/752 785/785 784/784
f 752/752 753/753 786/786 785/785
f 753/753 754/754 787/787 786/786
f 754/754 755/755 788/788 787/787
f 755/755 756/756 789/789 788/788
f 756/756 757/757 790/790 789/789
f 757/757 758/758 791/791 790/790
f 758/758 759/759 792/792 791/791
f 760/760 761/761 794/794 793/793
f 761/761 762/762 795/795 794/794
f 762/762 763/763 796/796 795/795
f 763/763 764/764 797/797 796/796
f 764/764 765/765 798/798 797/797
f 765/765 766/766 799/799 798/798
f 766/766 767/767 800/800 799/799
f 767/767 768/768 801/801 800/800
f 768/768 769/769 802/802 801/801
f 769/769 770/770 803/803 802/802
f 770/770 771/771 804/804 803/803
f 771/771 772/772 805/805 804/804
f 772/772 773/773 806/806 805/805
f 773/773 774/774 807/807 806/806
f 774/774 775/775 808/808 807/807
f 775/775 776/776 809/809 808/808
f 776/776 777/777 810/810 809/809
f 777/777 778/778 811/811 810/810
f 778/778 779/779 812/812 811/811
f 779/779 780/780 813/813 812/812
f 780/780 781/781 814/814 813/813
f 781/781 782/782 815/815 814/814
f 782/782 783/783 816/816 815/815
f 783/783 784/784 817/817 816/816
f 784/784 785/785 818/818 817/817
f 785/785 786/786 819/819 818/818
f 786/786 787/787 820/820 819/819
f 787/787 788/788 821/821 820/820
f 788/788 789/789 822/822 821/821
f 789/789 790/790 823/823 822/822
f 790/790 791/791 824/824 823/823
f 791/791 792/792 825/825 824/824
f 793/793 794/794 827/827 826/826
f 794/794 795/795 828/828 827/827
f 795/795 796/796 829/829 828/828
f 796/796 797/797 830/830 829/829
f 797/797 798/798 831/831 830/830
f 798/798 799/799 832/832 831/831
f 799/799 800/800 833/833 832/832
f 800/800 801/801 834/834 833/833
f 801/801 802/802 835/835 834/834
f 802/802 803/803 836/836 835/835
f 803/803 804/804 837/837 836/836
f 804/804 805/805 838/838 837/837
f 805/805 806/806 839/839 838/838
f 806/806 807/807 840/840 839/839
f 807/807 808/808 841/841 840/840
f 808/808 809/809 842/842 841/841
f 809/809 810/810 843/843 842/842
f 810/810 811/811 844/844 843/843
f 811/811 812/812 845/845 844/844
f 812/812 813/813 846/846 845/845
f 813/813 814/814 847/847 846/846
f 814/814 815/815 848/848 847/847
f 815/815 816/816 849/849 848/848
f 816/816 817/817 850/850 849/849
f 817/817 818/818 851/851 850/850
f 818/818 819/819 852/852 851/851
f 819/819 820/820 853/853 852/852
f 820/820 821/821 854/854 853/853
f 821/821 822/822 855/855 854/854
f 822/822 823/823 856/856 855/855
f 823/823 824/824 857/857 856/856
f 824/824 825/825 858/858 857/857
f 826/826 827/827 860/860 859/859
f 827/827 828/828 861/861 860/860
f 828/828 829/829 862/862 861/861
f 829/829 830/830 863/863 862/862
f 830/830 831/831 864/864 863/863
f 831/831 832/832 865/865 864/864
f 832/832 833/833 866/866 865/865
f 833/833 834/834 867/867 866/866
f 834/834 835/835 868/868 867/867
f 835/835 836/836 869/869 868/868
f 836/836 837/837 870/870 869/869
f 837/837 838/838 871/871 870/870
f 838/838 839/839 872/872 871/871
f 839/839 840/840 873/873 872/872
f 840/840 841/841 874/874 873/873
f 841/841 842/842 875/875 874/874
f 842/842 843/843 876/876 875/875
f 843/843 844/844 877/877 876/876
f 844/844 845/845 878/878 877/877
f 845/845 846/846 879/879 878/878
f 846/846 847/847 880/880 879/879
f 847/847 848/848 881/881 880/880
f 848/848 849/849 882/882 881/881
f 849/849 850/850 883/883 882/882
f 850/850 851/851 884/884 883/883
f 851/851 852/852 885/885 884/884
f 852/852 853/853 886/886 885/885
f 853/853 854/854 887/887 886/886
f 854/854 855/855 888/888 887/887
f 855/855 856/856 889/889 888/888
f 856/856 857/857 890/890 889/889
f 857/857 858/858 891/891 890/890
f 859/859 860/860 893/893 892/892
f 860/860 861/861 894/894 893/893
f 861/861 862/862 895/895 894/894
f 862/862 863/863 896/896 895/895
f 863/863 864/864 897/897 896/896
f 864/864 865/865 898/898 897/897
f 865/865 866/866 899/899 898/898
f 866/866 867/867 900/900 899/899
f 867/867 868/868 901/901 900/900
f 868/868 869/869 902/902 901/901
f 869/869 870/870 903/903 902/902
f 870/870 871/871 904/904 903/903
f 871/871 872/872 905/905 904/904
f 872/872 873/873 906/906 905/905
f 873/873 874/874 907/907 906/906
f 874/874 875/875 908/908 907/907
f 875/875 876/876 909/909 908/908
f 876/876 877/877 910/910 909/909
f 877/877 878/878 911/911 910/910
f 878/878 879/879 912/912 911/911
f 879/879 880/880 913/913 912/912
f 880/880 881/881 914/914 913/913
f 881/881 882/882 915/915 914/914
f 882/882 883/883 916/916 915/915
f 883/883 884/884 917/917 916/916
f 884/884 885/885 918/918 917/917
f 885/885 886/886 919/919 918/918
f 886/886 887/887 920/920 919/919
f 887/887 888/888 921/921 920/920
f 888/888 889/889 922/922 921/921
f 889/889 890/890 923/923 922/922
f 890/890 891/891 924/924 923/923
f 892/892 893/893 926/926 925/925
f 893/893 894/894 927/927 926/926
f 894/894 895/895 928/928 927/927
f 895/895 896/896 929/929 928/928
f 896/896 897/897 930/930 929/929
f 897/897 898/898 931/931 930/930
f 898/898 899/899 932/932 931/931
f 899/899 900/900 933/933 932/932
f 900/900 901/901 934/934 933/933
f 901/901 902/902 935/935 934/934
f 902/902 903/903 936/936 935/935
f 903/903 904/904 937/937 936/936
f 904/904 905/905 938/938 937/937
f 905/905 906/906 939/939 938/938
f 906/906 907/907 940/940 939/939
f 907/907 908/908 941/941 940/940
f 908/908 909/909 942/942 941/941
f 909/909 910/910 943/943 942/942
f 910/910 911/911 944/944 943/943
f 911/911 912/912 945/945 944/944
f 912/912 913/913 946/946 945/945
f 913/913 914/914 947/947 946/946
f 914/914 915/915 948/948 947/947
f 915/915 916/916 949/949 948/948
f 916/916 917/917 950/950 949/949
f 917/917 918/918 951/951 950/950
f 918/918 919/919 952/952 951/951
f 919/919 920/920 953/953 952/952
f 920/920 921/921 954/954 953/953
f 921/921 922/922 955/955 954/954
f 922/922 923/923 956/956 955/955
f 923/923 924/924 957/957 956/956
f 925/925 926/926 959/959 958/958
f 926/926 927/927 960/960 959/959
f 927/927 928/928 961/961 960/960
f 928/928 929/929 962/962 961/961
f 929/929 930/930 963/963 962/962
f 930/930 931/931 964/964 963/963
f 931/931 932/932 965/965 964/964
f 932/932 933/933 966/966 965/965
f 933/933 934/934 967/967 966/966
f 934/934 935/935 968/968 967/967
f 935/935 936/936 969/969 968/968
f 936/936 937/937 970/970 969/969
f 937/937 938/938 971/971 970/970
f 938/938 939/939 972/972 971/971
f 939/939 940/940 973/973 972/972
f 940/940 941/941 974/974 973/973
f 941/941 942/942 975/975 974/974
f 942/942 943/943 976/976 975/975
f 943/943 944/944 977/977 976/976
f 944/944 945/945 978/978 977/977
f 945/945 946/946 979/979 978/978
f 946/946 947/947 980/980 979/979
f 947/947 948/948 981/981 980/980
f 948/948 949/949 982/982 981/981
f 949/949 950/950 983/983 982/982
f 950/950 951/951 984/984 983/983
f 951/951 952/952 985/985 984/984
f 952/952 953/953 986/986 985/985
f 953/953 954/954 987/987 986/986
f 954/954 955/955 988/988 987/987
f 955/955 956/956 989/989 988/988
f 956/956 957/957 990/990 989/989
f 958/958 959/959 992/992 991/991
f 959/959 960/960 993/993 992/992
f 960/960 961/961 994/994 993/993
f 961/961 962/962 995/995 994/994
f 962/962 963/963 996/996 995/995
f 963/963 964/964 997/997 996/996
f 964/964 965/965 998/998 997/997
f 965/965 966/966 999/999 998/998
f 966/966 967/967 1000/1000 999/999
f 967/967 968/968 1001/1001 1000/1000
f 968/968 969/969 1002/1002 1001/1001
f 969/969 970/970 1003/1003 1002/1002
f 970/970 971/971 1004/1004 1003/1003
f 971/971 972/972 1005/1005 1004/1004
f 972/972 973/973 1006/1006 1005/1005
f 973/973 974/974 1007/1007 1006/1006
f 974/974 975/975 1008/1008 1007/1007
f 975/975 976/976 1009/1009 1008/1008
f 976/976 977/977 1010/1010 1009/1009
f 977/977 978/978 1011/1011 1010/1010
f 978/978 979/979 1012/1012 1011/1011
f 979/979 980/980 1013/1013 1012/1012
f 980/980 981/981 1014/1014 1013/1013
f 981/981 982/982 1015/1015 1014/1014
f 982/982 983/983 1016/1016 1015/1015
f 983/983 984/984 1017/1017 1016/1016
f 984/984 985/985 1018/1018 1017/1017
f 985/985 986/986 1019/1019 1018/1018
f 986/986 987/987 1020/1020 1019/1019
f 987/987 988/988 1021/1021 1020/1020
f 988/988 989/989 1022/1022 1021/1021
f 989/989 990/990 1023/1023 1022/1022
f 991/991 992/992 1025/1025 1024/1024
f 992/992 993/993 1026/1026 1025/1025
f 993/993 994/994 1027/1027 1026/1026
f 994/994 995/995 1028/1028 1027/1027
f 995/995 996/996 1029/1029 1028/1028
f 996/996 997/997 1030/1030 1029/1029
f 997/997 998/998 1031/1031 1030/1030
f 998/998 999/999 1032/1032 1031/1031
f 999/999 1000/1000 1033/1033 1032/1032
f 1000/1000 1001/1001 1034/1034 1033/1033
f 1001/1001 1002/1002 1035/1035 1034/1034
f 1002/1002 1003/1003 1036/1036 1035/1035
f 1003/1003 1004/1004 1037/1037 1036/1036
f 1004/1004 1005/1005 1038/1038 1037/1037
f 1005/1005 1006/1006 1039/1039 1038/1038
f 1006/1006 1007/1007 1040/1040 1039/1039
f 1007/1007 1008/1008 1041/1041 1040/1040
f 1008/1008 1009/1009 1042/1042 1041/1041
f 1009/1009 1010/1010 1043/1043 1042/1042
f 1010/1010 1011/1011 1044/1044 1043/1043
f 1011/1011 1012/1012 1045/1045 1044/1044
f 1012/1012 1013/1013 1046/1046 1045/1045
f 1013/1013 1014/1014 1047/1047 1046/1046
f 1014/1014 1015/1015 1048/1048 1047/1047
f 1015/1015 1016/1016 1049/1049 1048/1048
f 1016/1016 1017/1017 1050/1050 1049/1049
f 1017/1017 1018/1018 1051/1051 1050/1050
f 1018/1018 1019/1019 1052/1052 1051/1051
f 1019/1019 1020/1020 1053/1053 1052/1052
f 1020/1020 1021/1021 1054/1054 1053/1053
f 1021/1021 1022/1022 1055/1055 1054/1054
f 1022/1022 1023/1023 1056/1056 1055/1055
f 1024/1024 1025/1025 1058/1058 1057/1057
f 1025/1025 1026/1026 1059/1059 1058/1058
f 1026/1026 1027/1027 1060/1060 1059/1059
f 1027/1027 1028/1028 1061/1061 1060/1060
f 1028/1028 1029/1029 1062/1062 1061/1061
f 1029/1029 1030/1030 1063/1063 1062/1062
f 1030/1030 1031/1031 1064/1064 1063/1063
f 1031/1031 1032/1032 1065/1065 1064/1064
f 1032/1032 1033/1033 1066/1066 1065/1065
f 1033/1033 1034/1034 1067/1067 1066/1066
f 1034/1034 1035/1035 1068/1068 1067/1067
f 1035/1035 1036/1036 1069/1069 1068/1068
f 1036/1036 1037/1037 1070/1070 1069/1069
f 1037/1037 1038/1038 1071/1071 1070/1070
f 1038/1038 1039/1039 1072/1072 1071/1071
f 1039/1039 1040/1040 1073/1073 1072/1072
f 1040/1040 1041/1041 1074/1074 1073/1073
f 1041/1041 1042/1042 1075/1075 1074/1074
f 1042/1042 1043/1043 1076/1076 1075/1075
f 1043/1043 1044/1044 1077/1077 1076/1076
f 1044/1044 1045/1045 1078/1078 1077/1077
f 1045/1045 1046/1046 1079/1079 1078/1078
f 1046/1046 1047/1047 1080/1080 1079/1079
f 1047/1047 1048/1048 1081/1081 1080/1080
f 1048/1048 1049/1049 1082/1082 1081/1081
f 1049/1049 1050/1050 1083/1083 1082/1082
f 1050/1050 1051/1051 1084/1084 1083/1083
f 1051/1051 1052/1052 1085/1085 1084/1084
f 1052/1052 1053/1053 1086/1086 1085/1085
f 1053/1053 1054/1054 1087/1087 1086/1086
f 1054/1054 1055/1055 1088/1088 1087/1087
f 1055/1055 1056/1056 1089/1089 1088/1088
f 1057/1057 1058/1058 1091/1091 1090/1090
f 1058/1058 1059/1059 1092/1092 1091/1091
f 1059/1059 1060/1060 1093/1093 1092/1092
f 1060/1060 1061/1061 1094/1094 1093/1093
f 1061/1061 1062/1062 1095/1095 1094/1094
f 1062/1062 1063/1063 1096/1096 1095/1095
f 1063/1063 1064/1064 1097/1097 1096/1096
f 1064/1064 1065/1065 1098/1098 1097/1097
f 1065/1065 1066/1066 1099/1099 1098/1098
f 1066/1066 1067/1067 1100/1100 1099/1099
f 1067/1067 1068/1068 1101/1101 1100/1100
f 1068/1068 1069/1069 1102/1102 1101/1101
f 1069/1069 1070/1070 1103/1103 1102/1102
f 1070/1070 1071/1071 1104/1104 1103/1103
f 1071/1071 1072/1072 1105/1105 1104/1104
f 1072/1072 1073/1073 1106/1106 1105/1105
f 1073/1073 1074/1074 1107/1107 1106/1106
f 1074/1074 1075/1075 1108/1108 1107/1107
f 1075/1075 1076/1076 1109/1109 1108/1108
f 1076/1076 1077/1077 1110/1110 1109/1109
f 1077/1077 1078/1078 1111/1111 1110/1110
f 1078/1078 1079/1079 1112/1112 1111/1111
f 1079/1079 1080/1080 1113/1113 1112/1112
f 1080/1080 1081/1081 1114/1114 1113/1113
f 1081/1081 1082/1082 1115/1115 1114/1114
f 1082/1082 1083/1083 1116/1116 1115/1115
f 1083/1083 1084/1084 1117/1117 1116/1116
f 1084/1084 1085/1085 1118/1118 1117/1117
f 1085/1085 1086/1086 1119/1119 1118/1118
f 1086/1086 1087/1087 1120/1120 1119/1119
f 1087/1087 1088/1088 1121/1121 1120/1120
f 1088/1088 1089/1089 1122/1122 1121/1121
f 1090/1090 1091/1091 1124/1124 1123/1123
f 1091/1091 1092/1092 1125/1125 1124/1124
f 1092/1092 1093/1093 1126/1126 1125/1125
f 1093/1093 1094/1094 1127/1127 1126/1126
f 1094/1094 1095/1095 1128/1128 1127/1127
f 1095/1095 1096/1096 1129/1129 1128/1128
f 1096/1096 1097/1097 1130/1130 1129/1129
f 1097/1097 1098/1098 1131/1131 1130/1130
f 1098/1098 1099/1099 1132/1132 1131/1131
f 1099/1099 1100/1100 1133/1133 1132/1132
f 1100/1100 1101/1101 1134/1134 1133/1133
f 1101/1101 1102/1102 1135/1135 1134/1134
f 1102/1102 1103/1103 1136/1136 1135/1135
f 1103/1103 1104/1104 1137/1137 1136/1136
f 1104/1104 1105/1105 1138/1138 1137/1137
f 1105/1105 1106/1106 1139/1139 1138/1138
f 1106/1106 1107/1107 1140/1140 1139/1139
f 1107/1107 1108/1108 1141/1141 1140/1140
f 1108/1108 1109/1109 1142/1142 1141/1141
f 1109/1109 1110/1110 1143/1143 1142/1142
f 1110/1110 1111/1111 1144/1144 1143/1143
f 1111/1111 1112/1112 1145/1145 1144/1144
f 1112/1112 1113/1113 1146/1146 1145/1145
f 1113/1113 1114/1114 1147/1147 1146/1146
f 1114/1114 1115/1115 1148/1148 1147/1147
f 1115/1115 1116/1116 1149/1149 1148/1148
f 1116/1116 1117/1117 1150/1150 1149/1149
f 1117/1117 1118/1118 1151/1151 1150/1150
f 1118/1118 1119/1119 1152/1152 1151/1151
f 1119/1119 1120/1120 1153/1153 1152/1152
f 1120/1120 1121/1121 1154/1154 1153/1153
f 1121/1121 1122/1122 1155/1155 1154/1154
f 1123/1123 1124/1124 1157/1157 1156/1156
f 1124/1124 1125/1125 1158/1158 1157/1157
f 1125/1125 1126/1126 1159/1159 1158/1158
f 1126/1126 1127/1127 1160/1160 1159/1159
f 1127/1127 1128/1128 1161/1161 1160/1160
f 1128/1128 1129/1129 1162/1162 1161/1161
f 1129/1129 1130/1130 1163/1163 1162/1162
f 1130/1130 1131/1131 1164/1164 1163/1163
f 1131/1131 1132/1132 1165/1165 1164/1164
f 1132/1132 1133/1133 1166/1166 1165/1165
f 1133/1133 1134/1134 1167/1167 1166/1166
f 1134/1134 1135/1135 1168/1168 1167/1167
f 1135/1135 1136/1136 1169/1169 1168/1168
f 1136/1136 1137/1137 1170/1170 1169/1169
f 1137/1137 1138/1138 1171/1171 1170/1170
f 1138/1138 1139/1139 1172/1172 1171/1171
f 1139/1139 1140/1140 1173/1173 1172/1172
f 1140/1140 1141/1141 1174/1174 1173/1173
f 1141/1141 1142/1142 1175/1175 1174/1174
f 1142/1142 1143/1143 1176/1176 1175/1175
f 1143/1143 1144/1144 1177/1177 1176/1176
f 1144/1144 1145/1145 1178/1178 1177/1177
f 1145/1145 1146/1146 1179/1179 1178/1178
f 1146/1146 1147/1147 1180/1180 1179/1179
f 1147/1147 1148/1148 1181/1181 1180/1180
f 1148/1148 1149/1149 1182/1182 1181/1181
f 1149/1149 1150/1150 1183/1183 1182/1182
f 1150/1150 1151/1151 1184/1184 1183/1183
f 1151/1151 1152/1152 1185/1185 1184/1184
f 1152/1152 1153/1153 1186/1186 1185/1185
f 1153/1153 1154/1154 1187/1187 1186/1186
f 1154/1154 1155/1155 1188/1188 1187/1187
f 1156/1156 1157/1157 1190/1190 1189/1189
f 1157/1157 1158/1158 1191/1191 1190/1190
f 1158/1158 1159/1159 1192/1192 1191/1191
f 1159/1159 1160/1160 1193/1193 1192/1192
f 1160/1160 1161/1161 1194/1194 1193/1193
f 1161/1161 1162/1162 1195/1195 1194/1194
f 1162/1162 1163/1163 1196/1196 1195/1195
f 1163/1163 1164/1164 1197/1197 1196/1196
f 1164/1164 1165/1165 1198/1198 1197/1197
f 1165/1165 1166/1166 1199/1199 1198/1198
f 1166/1166 1167/1167 1200/1200 1199/1199
f 1167/1167 1168/1168 1201/1201 1200/1200
f 1168/1168 1169/1169 1202/1202 1201/1201
f 1169/1169 1170/1170 1203/1203 1202/1202
f 1170/1170 1171/1171 1204/1204 1203/1203
f 1171/1171 1172/1172 1205/1205 1204/1204
f 1172/1172 1173/1173 1206/1206 1205/1205
f 1173/1173 1174/1174 1207/1207 1206/1206
f 1174/1174 1175/1175 1208/1208 1207/1207
f 1175/1175 1176/1176 1209/1209 1208/1208
f 1176/1176 1177/1177 1210/1210 1209/1209
f 1177/1177 1178/1178 1211/1211 1210/1210
f 1178/1178 1179/1179 1212/1212 1211/1211
f 1179/1179 1180/1180 1213/1213 1212/1212
f 1180/1180 1181/1181 1214/1214 1213/1213
f 1181/1181 1182/1182 1215/1215 1214/1214
f 1182/1182 1183/1183 1216/1216 1215/1215
f 1183/1183 1184/1184 1217/1217 1216/1216
f 1184/1184 1185/1185 1218/1218 1217/1217
f 1185/1185 1186/1186 1219/1219 1218/1218
f 1186/1186 1187/1187 1220/1220 1219/1219
f 1187/1187 1188/1188 1221/1221 1220/1220

